date,time,username,wrist,activity,acceleration_x,acceleration_y,acceleration_z,gyro_x,gyro_y,gyro_z
30-06-17,13:51:15:847724020,viktor,0,0,0.265,-0.7814,-0.0076,-0.059,0.0325,-2.9296
30-06-17,13:51:16:246945023,viktor,0,0,0.6722,-1.1233,-0.2344,-0.1757,0.0208,0.1269
30-06-17,13:51:16:446233987,viktor,0,0,0.4399,-1.4817,0.0722,-0.9105,0.1063,-2.4367
30-06-17,13:51:16:646117985,viktor,0,0,0.3031,-0.8125,0.0888,0.1199,-0.4099,-2.9336
30-06-17,13:51:16:846738994,viktor,0,0,0.4814,-0.9312,0.0359,0.0527,0.4379,2.4922
30-06-17,13:51:17:46806991,viktor,0,0,0.4044,-0.8056,-0.0956,0.6925,-0.2179,2.575
30-06-17,13:51:17:246767997,viktor,0,0,0.632,-1.129,-0.2982,0.0548,-0.1896,0.4473
30-06-17,13:51:17:446569025,viktor,0,0,0.667,-1.3503,-0.088,-0.8094,-0.7938,-1.4348
30-06-17,13:51:17:646152973,viktor,0,0,0.2704,-0.8633,0.1293,-0.4173,-0.1904,-2.6759
30-06-17,13:51:17:846502006,viktor,0,0,0.469,-1.074,0.0219,0.0388,1.1491,1.6982
30-06-17,13:51:18:46802997,viktor,0,0,0.2985,-0.7172,-0.0693,0.2326,0.4321,2.1009
30-06-17,13:51:18:246815025,viktor,0,0,0.6364,-1.0452,-0.24,0.1163,-0.1033,1.0822
30-06-17,13:51:18:446740984,viktor,0,0,0.5683,-1.2486,-0.131,-0.4556,-0.5281,-1.2407
30-06-17,13:51:18:646052002,viktor,0,0,0.2911,-0.7748,0.0163,-0.2345,-0.0148,-2.5884
30-06-17,13:51:18:846947014,viktor,0,0,0.4477,-1.1574,-0.0172,-0.1081,0.4016,0.67
30-06-17,13:51:19:46791970,viktor,0,0,0.2424,-0.7421,-0.0549,0.5714,-0.0506,2.1356
30-06-17,13:51:19:247058987,viktor,0,0,0.6028,-1.0966,-0.3046,0.1674,-0.5065,1.0156
30-06-17,13:51:19:446731984,viktor,0,0,0.4852,-1.3397,-0.0763,-0.8579,0.0096,-1.4015
30-06-17,13:51:19:645977020,viktor,0,0,0.3017,-0.8366,0.0718,-0.2701,-0.4678,-2.701
30-06-17,13:51:19:847127020,viktor,0,0,0.4082,-1.0859,-0.0375,0.0848,-0.105,0.287
30-06-17,13:51:20:46733021,viktor,0,0,0.372,-0.819,-0.2379,0.3006,0.1531,2.6873
30-06-17,13:51:20:246771991,viktor,0,0,0.6363,-0.7532,-0.2972,-0.0726,-0.1945,1.453
30-06-17,13:51:20:446739971,viktor,0,0,0.709,-1.1893,-0.2303,-0.1418,-1.4683,-1.2643
30-06-17,13:51:20:646055996,viktor,0,0,0.3275,-0.7846,-0.0344,0.0436,-0.3678,-2.9826
30-06-17,13:51:20:846733987,viktor,0,0,0.2957,-0.9224,-0.0462,0.1208,0.0853,-0.2949
30-06-17,13:51:21:46055972,viktor,0,0,0.5468,-1.2653,-0.2362,0.1492,0.5586,3.5731
30-06-17,13:51:21:246074974,viktor,0,0,0.5656,-0.8049,-0.1815,0.4349,-0.0852,1.4384
30-06-17,13:51:21:446759998,viktor,0,0,0.7335,-1.3042,-0.2887,-0.4351,0.0151,-1.1675
30-06-17,13:51:21:645960986,viktor,0,0,0.2843,-0.9344,-0.0459,-0.3433,-0.1396,-3.1056
30-06-17,13:51:21:846737980,viktor,0,0,0.2854,-0.9109,0.0746,0.079,0.0688,-1.55
30-06-17,13:51:22:46733021,viktor,0,0,0.5291,-1.239,-0.1573,0.3893,-0.2878,3.0852
30-06-17,13:51:22:247101008,viktor,0,0,0.5319,-0.7638,-0.1285,0.3973,-0.0524,2.0416
30-06-17,13:51:22:446877002,viktor,0,0,0.5509,-1.4469,-0.1684,-0.159,0.5247,-0.2822
30-06-17,13:51:22:646080970,viktor,0,0,0.4053,-0.7735,-0.0511,-0.0841,-0.5589,-2.2833
30-06-17,13:51:22:846728026,viktor,0,0,0.2938,-0.9424,0.0928,-0.5436,0.4212,-1.1527
30-06-17,13:51:23:46966016,viktor,0,0,0.514,-1.0203,-0.2959,0.7219,-0.1907,1.6697
30-06-17,13:51:23:246728003,viktor,0,0,0.4652,-0.6219,-0.1181,0.5532,0.4083,1.6534
30-06-17,13:51:23:446627974,viktor,0,0,0.5604,-1.2123,-0.2765,-0.395,0.0046,0.5489
30-06-17,13:51:23:646005988,viktor,0,0,0.5762,-1.1338,-0.0781,-0.2823,-1.0751,-1.604
30-06-17,13:51:23:846715986,viktor,0,0,0.2365,-0.8592,0.1061,-0.353,0.3114,-2.2969
30-06-17,13:51:24:46934008,viktor,0,0,0.4459,-1.1958,0.0135,0.3472,0.3493,1.618
30-06-17,13:51:24:246806979,viktor,0,0,0.3306,-0.7377,-0.0852,0.5862,-0.3914,2.0878
30-06-17,13:51:24:446799993,viktor,0,0,0.6213,-1.1723,-0.2599,0.0188,-0.2731,0.7516
30-06-17,13:51:24:645982027,viktor,0,0,0.4872,-1.1931,-0.0351,-0.5722,-0.5391,-1.4604
30-06-17,13:51:24:846868991,viktor,0,0,0.2804,-0.8719,0.075,-0.3699,0.1381,-2.3609
30-06-17,13:51:25:46871006,viktor,0,0,0.4056,-1.2032,0.0102,-0.2242,0.4722,0.8533
30-06-17,13:51:25:246993005,viktor,0,0,0.3337,-0.6742,-0.0606,-0.6249,1.6331,2.0391
30-06-17,13:51:25:446923017,viktor,0,0,0.6582,-1.035,-0.1183,-0.6174,0.9292,1.6138
30-06-17,13:51:25:645981013,viktor,0,0,0.7001,-1.1561,-0.1305,0.1899,-0.0869,-0.8852
30-06-17,13:51:25:846917986,viktor,0,0,0.3547,-0.8853,-0.0107,0.3715,-0.9418,-2.7084
30-06-17,13:51:26:47057986,viktor,0,0,0.3895,-0.9959,0.0459,-0.489,0.619,0.5679
30-06-17,13:51:26:246820986,viktor,0,0,0.3238,-0.877,-0.0594,0.3748,-0.8984,2.5428
30-06-17,13:51:26:446904003,viktor,0,0,0.662,-0.7942,-0.2785,0.2064,-0.3973,1.319
30-06-17,13:51:34:779731988,viktor,0,0,0.6929,-1.1423,-0.1246,-0.295,-0.7894,-1.099
30-06-17,13:51:34:979173004,viktor,0,0,0.2491,-0.8098,-0.0453,-0.2112,-0.0623,-2.8868
30-06-17,13:51:35:179674983,viktor,0,0,0.3197,-0.8978,0.0555,-0.1366,0.1722,-0.8806
30-06-17,13:51:35:379680991,viktor,0,0,0.5569,-1.4246,-0.1935,0.3919,-1.1598,3.5336
30-06-17,13:51:35:578998982,viktor,0,0,0.3874,-0.6626,-0.1261,0.5992,0.3975,0.882
30-06-17,13:51:35:779996991,viktor,0,0,0.5634,-1.4413,-0.2124,-0.6606,0.8258,-0.2538
30-06-17,13:51:35:979737997,viktor,0,0,0.3344,-0.9437,-0.0687,-0.6882,-0.1209,-2.522
30-06-17,13:51:36:179668009,viktor,0,0,0.2797,-0.8473,0.0257,-0.2574,-0.2347,-1.8959
30-06-17,13:51:36:379674017,viktor,0,0,0.5678,-0.8802,-0.2326,0.5755,0.231,2.8897
30-06-17,13:51:36:579127013,viktor,0,0,0.5353,-0.8067,-0.1952,0.1344,1.0349,2.042
30-06-17,13:51:36:779670000,viktor,0,0,0.594,-1.0874,-0.2786,-0.1817,0.1701,-0.0454
30-06-17,13:51:36:979744970,viktor,0,0,0.6107,-1.3625,-0.0638,-0.5926,-0.6533,-1.7893
30-06-17,13:51:37:179669976,viktor,0,0,0.3213,-0.8954,0.0174,0.049,-0.2087,-2.8416
30-06-17,13:51:37:379670023,viktor,0,0,0.4545,-1.0454,0.0062,-0.0272,0.8734,2.789
30-06-17,13:51:37:579086005,viktor,0,0,0.2549,-0.8386,-0.0392,0.2216,0.6141,1.7357
30-06-17,13:51:37:779861986,viktor,0,0,0.6122,-0.9528,-0.2697,0.1331,-0.5244,0.6437
30-06-17,13:51:37:979722976,viktor,0,0,0.6089,-1.2991,-0.1467,-0.3103,-0.7567,-1.5889
30-06-17,13:51:38:179884016,viktor,0,0,0.3163,-0.8134,0.0059,-0.1059,-0.3358,-2.5507
30-06-17,13:51:38:379767000,viktor,0,0,0.4213,-1.08,-0.006,-0.3115,0.7397,1.1321
30-06-17,13:51:38:578894972,viktor,0,0,0.2652,-0.7821,-0.0957,0.4252,-0.3947,2.2478
30-06-17,13:51:38:779749989,viktor,0,0,0.5738,-1.0088,-0.2986,0.368,0.268,0.6341
30-06-17,13:51:38:979653000,viktor,0,0,0.5505,-1.2154,-0.1757,-0.6,0.4061,-1.1604
30-06-17,13:51:39:179708003,viktor,0,0,0.2887,-0.7713,0.0014,-0.3777,-0.2716,-2.4449
30-06-17,13:51:39:379805982,viktor,0,0,0.3945,-0.9849,0.0078,-0.2744,0.6706,0.2757
30-06-17,13:51:39:578935027,viktor,0,0,0.5972,-1.1432,-0.2235,0.4744,-1.1092,2.7531
30-06-17,13:51:39:779660999,viktor,0,0,0.4722,-0.772,-0.2505,0.2067,0.4913,0.7946
30-06-17,13:51:39:979758024,viktor,0,0,0.5853,-1.2346,-0.1981,-0.5655,0.1169,-0.8977
30-06-17,13:51:40:179729998,viktor,0,0,0.2757,-0.8391,-0.0072,-0.3355,-0.3098,-2.654
30-06-17,13:51:40:379813015,viktor,0,0,0.3073,-0.9275,0.0401,-0.1457,0.1557,-0.7875
30-06-17,13:51:40:578963994,viktor,0,0,0.5658,-1.1213,-0.2999,0.3816,-0.7291,3.1841
30-06-17,13:51:40:779711008,viktor,0,0,0.4005,-0.7692,-0.1453,0.6868,-0.18,1.0397
30-06-17,13:51:40:979669988,viktor,0,0,0.5844,-1.4608,-0.2223,-0.6575,0.5828,-0.4737
30-06-17,13:51:41:179695010,viktor,0,0,0.2566,-0.8068,-0.042,-0.7274,-0.0563,-2.0685
30-06-17,13:51:41:379640996,viktor,0,0,0.304,-1.0526,0.0464,-0.4294,0.2014,-1.4583
30-06-17,13:51:41:578885018,viktor,0,0,0.4465,-1.084,-0.1606,0.4681,0.3918,2.2522
30-06-17,13:51:41:779720008,viktor,0,0,0.3939,-0.6838,-0.1126,0.5759,-0.0559,1.4791
30-06-17,13:51:41:979721009,viktor,0,0,0.5429,-1.1746,-0.2511,-0.1469,0.096,0.1659
30-06-17,13:51:42:179032981,viktor,0,0,0.3388,-1.0269,-0.0469,-0.6239,0.1507,-2.2914
30-06-17,13:51:42:379993975,viktor,0,0,0.313,-0.8987,0.03,-0.139,-0.3489,-2.0221
30-06-17,13:51:42:579164981,viktor,0,0,0.4655,-0.9433,-0.1292,0.0525,0.8692,2.6627
30-06-17,13:51:42:779334008,viktor,0,0,0.3586,-0.6902,-0.1185,0.7068,0.121,1.6036
30-06-17,13:51:42:979740023,viktor,0,0,0.5211,-1.1707,-0.2329,-0.1162,0.2544,0.1954
30-06-17,13:51:43:179750025,viktor,0,0,0.2969,-1.1104,-0.0124,-0.779,-1.1317,-1.6004
30-06-17,13:51:43:379786014,viktor,0,0,0.3363,-0.836,0.0099,-0.0867,-0.3271,-2.8469
30-06-17,13:51:43:579064011,viktor,0,0,0.3964,-0.9407,0.0009,0.1145,1.2034,2.4547
30-06-17,13:51:43:779779016,viktor,0,0,0.2734,-0.7188,-0.0972,0.4533,0.7148,1.7676
30-06-17,13:51:43:979735970,viktor,0,0,0.6459,-1.0737,-0.287,0.0272,-0.3601,1.0471
30-06-17,13:51:44:179670989,viktor,0,0,0.5694,-1.2458,-0.1208,-0.4814,-0.8431,-1.8555
30-06-17,13:51:44:380482971,viktor,0,0,0.3199,-0.8176,0.0217,-0.1003,-0.4282,-2.9279
30-06-17,13:51:44:579086005,viktor,0,0,0.4304,-1.0449,0.0086,-0.2193,0.5762,1.3037
30-06-17,13:51:44:779658973,viktor,0,0,0.2451,-0.7513,-0.0711,0.4032,-0.0894,2.3071
30-06-17,13:51:44:978751003,viktor,0,0,0.619,-1.0499,-0.2608,0.213,0.0767,1.1665
30-06-17,13:51:45:179660022,viktor,0,0,0.5926,-1.2836,-0.125,-0.4594,-0.5626,-1.5641
30-06-17,13:51:45:380167007,viktor,0,0,0.3374,-0.8574,0.022,-0.0574,-0.1738,-3.1476
30-06-17,13:51:54:613249003,viktor,0,0,0.3904,-1.0966,0.0865,-0.2943,1.0793,1.1683
30-06-17,13:51:54:852572977,viktor,0,0,0.4515,-1.1358,0.0536,-0.1098,0.7647,1.6656
30-06-17,13:51:55:13251006,viktor,0,0,0.546,-1.3575,-0.1702,0.0282,-0.677,3.369
30-06-17,13:51:55:213299989,viktor,0,0,0.5125,-0.7924,-0.1582,0.5775,0.5693,1.5485
30-06-17,13:51:55:412413001,viktor,0,0,0.618,-1.0541,-0.2813,-0.3952,0.2874,-1.1419
30-06-17,13:51:55:612860977,viktor,0,0,0.3146,-0.8448,-0.2048,-0.4367,-0.2532,-3.0088
30-06-17,13:51:55:813215017,viktor,0,0,0.2907,-0.916,0.0844,-0.195,0.0612,-1.2387
30-06-17,13:51:56:13212025,viktor,0,0,0.5521,-1.1966,-0.1881,0.4755,-0.4405,3.2137
30-06-17,13:51:56:213316977,viktor,0,0,0.4494,-0.7836,-0.0926,0.2773,0.9572,1.731
30-06-17,13:51:56:412490010,viktor,0,0,0.6712,-1.4076,-0.2433,-0.3272,0.3408,-0.3338
30-06-17,13:51:56:613242983,viktor,0,0,0.3771,-0.8419,-0.0954,-0.39,-0.7119,-2.2131
30-06-17,13:51:56:813407003,viktor,0,0,0.2652,-0.8868,0.0612,-0.3929,0.2178,-1.5815
30-06-17,13:51:57:13215005,viktor,0,0,0.4664,-0.9583,-0.209,0.6097,0.0795,1.9947
30-06-17,13:51:57:213201999,viktor,0,0,0.3983,-0.6054,-0.1031,0.4364,0.2436,1.8102
30-06-17,13:51:57:412667989,viktor,0,0,0.5717,-1.1796,-0.2747,-0.2244,0.1854,0.0684
30-06-17,13:51:57:613352000,viktor,0,0,0.4888,-1.0419,-0.0523,-0.4952,-0.2235,-1.8617
30-06-17,13:51:57:813188016,viktor,0,0,0.2574,-0.8144,0.0614,-0.2815,-0.1088,-1.9101
30-06-17,13:51:58:13194024,viktor,0,0,0.4383,-1.2338,-0.0071,0.2464,0.7006,1.813
30-06-17,13:51:58:213432013,viktor,0,0,0.2924,-0.6761,-0.0946,0.6,-0.0807,1.5778
30-06-17,13:51:58:412433028,viktor,0,0,0.6276,-1.224,-0.2558,-0.1951,0.3076,1.0727
30-06-17,13:51:58:613099992,viktor,0,0,0.5259,-1.2524,-0.1105,-0.4858,-0.167,-1.8457
30-06-17,13:51:58:813184976,viktor,0,0,0.3091,-0.8166,0.0283,-0.486,-0.4276,-2.1202
30-06-17,13:51:59:13338983,viktor,0,0,0.4689,-1.3066,0.0249,-0.0127,0.7981,1.6438
30-06-17,13:51:59:213198006,viktor,0,0,0.1589,-0.6739,-0.0822,0.0035,1.6908,1.3058
30-06-17,13:51:59:412445008,viktor,0,0,0.688,-1.0351,-0.2452,0.0222,-1.0059,1.3073
30-06-17,13:51:59:613447010,viktor,0,0,0.6005,-1.4198,-0.0493,-0.3832,-0.7527,-1.1902
30-06-17,13:51:59:812976002,viktor,0,0,0.334,-0.698,-0.0091,0.3287,-0.8099,-2.8684
30-06-17,13:52:0:12589991,viktor,0,0,0.3832,-1.0722,0.0366,-0.5351,1.5721,1.5499
30-06-17,13:52:0:213325023,viktor,0,0,0.2838,-0.9062,0.0382,0.3371,-0.5764,1.6389
30-06-17,13:52:0:412436008,viktor,0,0,0.6306,-1.0355,-0.2353,0.1983,0.0396,0.8317
30-06-17,13:52:0:613312005,viktor,0,0,0.5268,-1.3036,-0.114,-0.509,-0.0389,-1.281
30-06-17,13:52:0:813238024,viktor,0,0,0.3323,-0.7253,0.0268,0.0822,-0.7226,-2.349
30-06-17,13:52:1:13520002,viktor,0,0,0.3666,-1.0244,0.0266,-0.4267,0.8955,1.0966
30-06-17,13:52:1:213178992,viktor,0,0,0.3373,-1.1735,0.0059,0.3822,-0.5113,1.6313
30-06-17,13:52:1:412422001,viktor,0,0,0.4869,-0.6978,-0.1337,0.2063,0.2438,1.0906
30-06-17,13:52:1:613179981,viktor,0,0,0.5617,-1.3276,-0.1674,-0.513,0.351,-1.0634
30-06-17,13:52:1:813167989,viktor,0,0,0.2571,-0.6437,-0.0247,-0.2874,0.1529,-2.5594
30-06-17,13:52:2:13499975,viktor,0,0,0.3857,-0.8789,-0.0129,-0.359,0.3438,0.3601
30-06-17,13:52:2:213227987,viktor,0,0,0.5174,-1.1699,-0.1549,0.4155,-0.67,2.1305
30-06-17,13:52:2:412424981,viktor,0,0,0.4649,-0.707,-0.1444,0.3172,0.2781,0.8512
30-06-17,13:52:2:613170027,viktor,0,0,0.5341,-1.3678,-0.1017,-0.2392,-0.3451,-0.8629
30-06-17,13:52:2:813582003,viktor,0,0,0.2995,-0.7166,0.0036,-0.1298,-1.0186,-2.0083
30-06-17,13:52:3:13393998,viktor,0,0,0.4187,-1.1376,-0.042,-0.4695,0.846,-0.1603
30-06-17,13:52:3:213182985,viktor,0,0,0.3443,-0.7934,-0.0906,0.5763,-0.546,2.0638
30-06-17,13:52:3:412434995,viktor,0,0,0.3963,-0.7241,-0.115,0.4406,0.4211,1.1941
30-06-17,13:52:3:613184988,viktor,0,0,0.606,-1.0123,-0.2522,-0.3953,0.2056,-0.5066
30-06-17,13:52:3:813371002,viktor,0,0,0.2739,-0.7096,-0.0315,-0.4307,0.1261,-2.4462
30-06-17,13:52:4:13176023,viktor,0,0,0.3608,-1.0997,0.0289,-0.253,0.3382,-0.5649
30-06-17,13:52:4:213173985,viktor,0,0,0.4662,-1.0653,-0.1686,0.2441,-0.4343,2.3291
30-06-17,13:52:4:412442028,viktor,0,0,0.3881,-0.6858,-0.0778,0.2584,0.6793,1.1454
30-06-17,13:52:4:613198995,viktor,0,0,0.4995,-1.2055,-0.1895,-0.3182,0.4662,0.0246
30-06-17,13:52:4:813377022,viktor,0,0,0.3262,-0.8331,-0.0828,-0.2814,0.023,-2.4213
30-06-17,13:52:5:13194024,viktor,0,0,0.3158,-0.9102,0.0412,-0.1639,-0.2908,-1.4809
30-06-17,13:52:5:213236987,viktor,0,0,0.4525,-1.0737,-0.167,0.2438,0.3059,2.3907
30-06-17,13:52:14:796362996,viktor,0,0,0.4001,-0.6247,-0.0973,0.4054,0.4231,1.3103
30-06-17,13:52:14:996354997,viktor,0,0,0.2536,-0.7218,-0.046,-0.1791,0.0691,-2.8528
30-06-17,13:52:15:196317017,viktor,0,0,0.3171,-0.9279,0.0466,-0.1915,0.6863,-0.7197
30-06-17,13:52:15:396300017,viktor,0,0,0.5144,-1.1808,-0.0947,0.1954,-0.7586,3.4564
30-06-17,13:52:15:595529973,viktor,0,0,0.6302,-1.0027,-0.2544,0.4635,0.3526,1.3424
30-06-17,13:52:15:796494007,viktor,0,0,0.5315,-1.359,-0.1005,-0.636,-0.4082,-1.425
30-06-17,13:52:15:996300995,viktor,0,0,0.3078,-0.8247,-0.0371,-0.419,0.6718,-3.4323
30-06-17,13:52:16:196298003,viktor,0,0,0.2961,-0.8109,0.0529,0.1695,0.3035,-0.61
30-06-17,13:52:16:396342992,viktor,0,0,0.6216,-1.2921,-0.183,0.3646,-0.8434,4.5253
30-06-17,13:52:16:595551013,viktor,0,0,0.4669,-0.8997,-0.1299,0.6902,1.0346,1.0067
30-06-17,13:52:16:796312987,viktor,0,0,0.5483,-1.0437,-0.2464,-0.5561,0.3751,-1.0836
30-06-17,13:52:16:996379971,viktor,0,0,0.2883,-0.7494,-0.07,-0.5835,0.2541,-2.7221
30-06-17,13:52:17:195496022,viktor,0,0,0.3103,-0.9474,0.0918,-0.3342,0.3749,-0.9615
30-06-17,13:52:17:396317005,viktor,0,0,0.5737,-1.2309,-0.1642,0.6664,-1.0689,3.06
30-06-17,13:52:17:595609009,viktor,0,0,0.3922,-0.804,-0.1033,0.4671,0.8675,1.4024
30-06-17,13:52:17:796280980,viktor,0,0,0.6183,-1.0988,-0.2312,-0.5011,-0.0069,-0.662
30-06-17,13:52:17:996311008,viktor,0,0,0.3179,-0.7208,-0.0448,-0.2314,0.0269,-2.8967
30-06-17,13:52:18:196961998,viktor,0,0,0.3401,-0.9129,0.0609,-0.4286,0.5847,-0.8477
30-06-17,13:52:18:396380007,viktor,0,0,0.5484,-1.166,-0.1173,0.3994,-0.8414,3.2145
30-06-17,13:52:18:595641970,viktor,0,0,0.4537,-0.8362,-0.2068,0.7727,0.1396,1.1252
30-06-17,13:52:18:796455025,viktor,0,0,0.5727,-1.2256,-0.2337,-0.9033,0.5141,-0.4572
30-06-17,13:52:18:996469020,viktor,0,0,0.2616,-0.7633,-0.0727,-0.5846,0.2503,-2.7332
30-06-17,13:52:19:196285009,viktor,0,0,0.3056,-0.8865,0.0855,-0.3585,0.1818,-1.3597
30-06-17,13:52:19:396273016,viktor,0,0,0.5986,-1.3343,-0.1837,0.1472,-0.481,3.5921
30-06-17,13:52:19:595547974,viktor,0,0,0.4264,-0.7467,-0.1037,0.8588,-0.0226,1.4567
30-06-17,13:52:19:796509981,viktor,0,0,0.6081,-1.4422,-0.2209,-0.6622,0.2625,-0.3923
30-06-17,13:52:19:996357023,viktor,0,0,0.3269,-0.8763,-0.117,-0.6601,0.3963,-2.8025
30-06-17,13:52:20:196325004,viktor,0,0,0.2867,-0.9105,0.0883,-0.2444,-0.238,-2.0077
30-06-17,13:52:20:396539986,viktor,0,0,0.5973,-1.1717,-0.2185,0.2394,0.4566,3.6139
30-06-17,13:52:20:595520973,viktor,0,0,0.4086,-0.7668,-0.0785,0.6984,0.2264,1.465
30-06-17,13:52:20:796514987,viktor,0,0,0.5778,-1.2404,-0.2415,-0.2482,0.3329,-0.0082
30-06-17,13:52:20:997188985,viktor,0,0,0.3584,-0.9358,-0.0663,-0.8162,0.1683,-2.2499
30-06-17,13:52:21:196277022,viktor,0,0,0.3073,-0.9256,0.0756,-0.1117,-0.1397,-2.0681
30-06-17,13:52:21:396292984,viktor,0,0,0.5509,-0.9719,-0.2229,0.3479,0.5021,2.8032
30-06-17,13:52:21:595529019,viktor,0,0,0.2878,-0.7348,-0.099,0.5608,0.2959,1.3805
30-06-17,13:52:21:796334028,viktor,0,0,0.6972,-1.0896,-0.2856,-0.0637,-1.1547,0.518
30-06-17,13:52:21:996345996,viktor,0,0,0.4141,-1.1618,-0.0169,-0.8328,0.6143,-2.2212
30-06-17,13:52:22:196325004,viktor,0,0,0.29,-0.8034,0.0464,0.063,-0.7305,-2.4112
30-06-17,13:52:22:396526992,viktor,0,0,0.5698,-0.998,-0.1377,-0.0621,0.8144,3.0975
30-06-17,13:52:22:595708012,viktor,0,0,0.3225,-0.6746,-0.1022,0.8993,-0.3752,1.4425
30-06-17,13:52:22:796284019,viktor,0,0,0.606,-1.0898,-0.299,-0.0136,0.1052,0.4499
30-06-17,13:52:22:996284008,viktor,0,0,0.6016,-1.2367,-0.074,-0.7873,-0.2988,-1.7221
30-06-17,13:52:23:196357011,viktor,0,0,0.3298,-0.7938,0.0464,-0.1973,0.1652,-2.6224
30-06-17,13:52:23:396531999,viktor,0,0,0.5016,-1.1101,0.059,-0.1059,0.585,2.1587
30-06-17,13:52:23:595534980,viktor,0,0,0.3104,-0.7856,-0.0498,0.412,0.3379,1.6784
30-06-17,13:52:23:796398997,viktor,0,0,0.6541,-0.9303,-0.231,0.0879,-0.6524,0.8965
30-06-17,13:52:23:996330022,viktor,0,0,0.5684,-1.2506,-0.1003,-0.5448,-0.4106,-1.6335
30-06-17,13:52:24:196353018,viktor,0,0,0.3284,-0.7616,0.0295,-0.1484,-0.3465,-2.6245
30-06-17,13:52:24:396485984,viktor,0,0,0.4109,-0.9884,0.0728,-0.3152,0.8415,1.7632
30-06-17,13:52:24:595525979,viktor,0,0,0.3466,-1.0184,0.0288,0.4789,-0.6232,1.8187
30-06-17,13:52:24:796517014,viktor,0,0,0.6113,-0.8124,-0.2345,0.212,0.3684,1.0388
30-06-17,13:52:24:996313989,viktor,0,0,0.5513,-1.1746,-0.1753,-0.6633,-0.5685,-1.2377
30-06-17,13:52:25:196362018,viktor,0,0,0.3668,-0.7101,0.0232,-0.1469,0.2517,-2.8709
30-06-17,13:52:25:396329998,viktor,0,0,0.4173,-1.0021,0.0348,-0.2592,0.3906,0.4778
30-06-17,13:52:33:878826975,viktor,0,0,0.3314,-1.0075,-0.0322,0.5693,-1.0897,2.5327
30-06-17,13:52:34:78832983,viktor,0,0,0.6653,-1.137,-0.2516,-0.1598,0.1744,0.1806
30-06-17,13:52:34:279021978,viktor,0,0,0.4899,-1.2086,0.0166,-0.6633,-0.6494,-1.7022
30-06-17,13:52:34:478815972,viktor,0,0,0.3092,-0.8176,0.0746,-0.11,-0.383,-2.6218
30-06-17,13:52:34:678054988,viktor,0,0,0.4789,-1.1091,0.0271,0.0348,0.5126,2.3429
30-06-17,13:52:34:877961993,viktor,0,0,0.3949,-0.7153,-0.0843,0.5852,-0.5093,2.3504
30-06-17,13:52:35:78867018,viktor,0,0,0.6788,-1.1107,-0.2374,-0.1203,-0.1473,0.6485
30-06-17,13:52:35:279030025,viktor,0,0,0.4995,-1.1311,-0.0235,-0.3738,-0.0901,-2.1077
30-06-17,13:52:35:478883981,viktor,0,0,0.277,-0.8528,0.0961,-0.225,-0.0603,-2.3144
30-06-17,13:52:35:677902996,viktor,0,0,0.4535,-0.9252,-0.037,0.1067,0.2942,1.9403
30-06-17,13:52:35:879050016,viktor,0,0,0.3601,-0.6574,-0.1068,0.5694,-0.0769,1.9158
30-06-17,13:52:36:79203009,viktor,0,0,0.5497,-1.1401,-0.2169,-0.1072,0.0901,0.4734
30-06-17,13:52:36:279181003,viktor,0,0,0.5429,-1.1964,-0.0033,-0.5632,-1.0052,-1.2434
30-06-17,13:52:36:478987991,viktor,0,0,0.3093,-0.7992,0.1109,-0.2708,-0.3486,-2.3478
30-06-17,13:52:36:677986979,viktor,0,0,0.4548,-1.1535,0.0334,-0.0542,0.7975,1.5899
30-06-17,13:52:36:878771007,viktor,0,0,0.3093,-0.7663,-0.0519,0.5062,-0.0695,1.9724
30-06-17,13:52:37:78835010,viktor,0,0,0.5912,-1.0083,-0.2088,0.1226,0.1496,1.0044
30-06-17,13:52:37:278909027,viktor,0,0,0.6071,-1.3447,-0.0805,-0.6091,-0.618,-1.1954
30-06-17,13:52:37:478771984,viktor,0,0,0.3548,-0.7767,0.0122,0.001,-0.3999,-2.829
30-06-17,13:52:37:677888989,viktor,0,0,0.4499,-1.0593,0.0144,-0.4018,0.4666,0.7395
30-06-17,13:52:37:877925992,viktor,0,0,0.357,-0.8565,-0.0883,0.8757,-0.6845,2.1371
30-06-17,13:52:38:78777015,viktor,0,0,0.627,-1.0177,-0.3135,0.5513,0.4483,0.9964
30-06-17,13:52:38:278809010,viktor,0,0,0.4911,-1.3223,-0.1204,-0.8533,0.9016,-1.6547
30-06-17,13:52:38:478897988,viktor,0,0,0.308,-0.7352,-0.0315,-0.1625,-0.1706,-2.5231
30-06-17,13:52:38:678005993,viktor,0,0,0.3176,-0.8246,0.0728,-0.2595,0.5594,-0.0093
30-06-17,13:52:38:878850996,viktor,0,0,0.526,-1.3098,-0.1753,0.3309,-0.9608,2.7291
30-06-17,13:52:39:78851997,viktor,0,0,0.535,-0.7031,-0.1778,0.1304,0.3319,1.1237
30-06-17,13:52:39:278783023,viktor,0,0,0.5934,-1.4911,-0.1219,-0.6453,0.8851,-1.1157
30-06-17,13:52:39:479157984,viktor,0,0,0.3804,-0.8353,-0.0049,0.087,-0.8111,-2.2458
30-06-17,13:52:39:678098022,viktor,0,0,0.3101,-0.8957,0.0087,-0.0417,-0.1267,-0.8014
30-06-17,13:52:39:878795027,viktor,0,0,0.5431,-1.2388,-0.2278,-0.1709,0.2363,3.0117
30-06-17,13:52:40:78826010,viktor,0,0,0.428,-0.6476,-0.11,0.097,0.4901,1.18
30-06-17,13:52:40:278519988,viktor,0,0,0.6526,-1.3901,-0.1993,-0.3156,0.3755,-0.445
30-06-17,13:52:40:478874981,viktor,0,0,0.3271,-0.7684,-0.0754,0.2842,-0.6777,-2.2425
30-06-17,13:52:40:678345978,viktor,0,0,0.302,-0.8264,0.0242,-0.1106,0.1495,-1.4297
30-06-17,13:52:40:879028975,viktor,0,0,0.574,-1.0933,-0.1326,0.0352,-0.1197,3.0666
30-06-17,13:52:41:78850984,viktor,0,0,0.3529,-0.6248,-0.0919,0.3287,0.6674,1.1381
30-06-17,13:52:41:278778970,viktor,0,0,0.5313,-1.1324,-0.2083,-0.2812,0.0773,0.2129
30-06-17,13:52:41:478807985,viktor,0,0,0.3667,-0.9778,-0.0574,-0.324,-0.4104,-2.0694
30-06-17,13:52:41:678128004,viktor,0,0,0.2524,-0.7704,0.0374,-0.1589,0.0168,-2.5196
30-06-17,13:52:41:878766000,viktor,0,0,0.5594,-0.9576,-0.2063,0.0843,0.5387,2.8212
30-06-17,13:52:42:78898012,viktor,0,0,0.3835,-0.7269,-0.1282,0.2447,0.6811,1.5318
30-06-17,13:52:42:279240012,viktor,0,0,0.6656,-0.9436,-0.2458,-0.208,-0.4168,0.4051
30-06-17,13:52:42:478767991,viktor,0,0,0.5839,-1.4289,-0.0896,-0.2602,-0.3818,-2.0686
30-06-17,13:52:42:677883028,viktor,0,0,0.306,-0.772,0.0284,-0.0297,-0.7028,-2.5507
30-06-17,13:52:42:878947019,viktor,0,0,0.475,-1.0184,-0.0003,-0.2567,0.9796,2.6059
30-06-17,13:52:43:78794002,viktor,0,0,0.3231,-0.7806,-0.1376,0.416,0.0675,1.7117
30-06-17,13:52:43:278768002,viktor,0,0,0.638,-0.7886,-0.2275,-0.0898,-0.2575,0.7814
30-06-17,13:52:43:478766977,viktor,0,0,0.5261,-1.211,-0.0912,-0.0421,-0.5205,-1.8038
30-06-17,13:52:43:677887976,viktor,0,0,0.2926,-0.7429,0.0321,0.1268,-0.7239,-2.3948
30-06-17,13:52:43:878843009,viktor,0,0,0.378,-1.0026,0.0157,-0.239,0.0524,0.8933
30-06-17,13:52:44:78871011,viktor,0,0,0.284,-0.8118,-0.1059,0.7212,-0.708,1.9102
30-06-17,13:52:44:278773009,viktor,0,0,0.5578,-0.7604,-0.2004,0.3443,0.2052,0.9096
30-06-17,13:52:44:478842020,viktor,0,0,0.6333,-1.36,-0.1536,-0.4137,0.1326,-1.3459
30-06-17,13:52:53:946714997,viktor,0,0,0.3307,-0.8636,0.0035,0.1718,-0.5647,-3.1815
30-06-17,13:52:54:146715998,viktor,0,0,0.4262,-0.9238,0.0272,-0.395,0.7432,0.5612
30-06-17,13:52:54:346652984,viktor,0,0,0.6778,-1.2389,-0.1059,0.3041,-0.7998,3.431
30-06-17,13:52:54:546760022,viktor,0,0,0.4998,-0.734,-0.0957,0.3865,0.3212,1.2957
30-06-17,13:52:54:745934009,viktor,0,0,0.629,-1.1496,-0.2043,-0.5815,-0.1978,-1.4975
30-06-17,13:52:54:946730017,viktor,0,0,0.3399,-0.7481,-0.0185,-0.2151,-0.4761,-3.0078
30-06-17,13:52:55:146694004,viktor,0,0,0.3215,-0.8466,0.0322,-0.3628,0.0408,-0.6074
30-06-17,13:52:55:346639990,viktor,0,0,0.447,-1.0793,-0.0691,0.7212,-0.3257,3.1636
30-06-17,13:52:55:546993970,viktor,0,0,0.5174,-0.8549,-0.2681,0.7243,-0.0863,1.3982
30-06-17,13:52:55:745917975,viktor,0,0,0.7186,-1.2654,-0.2323,-0.7292,0.3123,-0.7082
30-06-17,13:52:55:946648001,viktor,0,0,0.2688,-0.8077,-0.0604,-0.4393,-0.0961,-2.9641
30-06-17,13:52:56:146872997,viktor,0,0,0.2547,-1.0194,0.1248,-0.4085,0.7982,-1.1143
30-06-17,13:52:56:346638977,viktor,0,0,0.5223,-1.0453,-0.1561,0.7304,-0.7441,2.7497
30-06-17,13:52:56:546872019,viktor,0,0,0.5398,-0.8313,-0.2716,0.3845,0.0879,1.9835
30-06-17,13:52:56:746098995,viktor,0,0,0.5446,-1.1262,-0.2446,-0.4308,-0.1202,-0.9359
30-06-17,13:52:56:946649014,viktor,0,0,0.2865,-0.9115,-0.0219,-0.6912,0.0317,-2.5845
30-06-17,13:52:57:146640002,viktor,0,0,0.3105,-0.9978,0.0666,-0.0944,0.1833,-1.664
30-06-17,13:52:57:346655011,viktor,0,0,0.5193,-1.0762,-0.1831,0.3164,0.1502,3.0719
30-06-17,13:52:57:546620011,viktor,0,0,0.4518,-0.727,-0.1145,0.3501,0.2591,1.8159
30-06-17,13:52:57:746070981,viktor,0,0,0.6119,-1.0515,-0.2047,0.1836,-0.3366,-0.263
30-06-17,13:52:57:946615993,viktor,0,0,0.3218,-0.9857,0.0114,-0.9756,-0.3174,-2.228
30-06-17,13:52:58:146721005,viktor,0,0,0.337,-0.9111,0.0602,-0.5968,0.5053,-2.0847
30-06-17,13:52:58:346633970,viktor,0,0,0.443,-1.0223,-0.1086,0.8515,-0.034,2.1731
30-06-17,13:52:58:546643018,viktor,0,0,0.4171,-0.6856,-0.1368,1.1747,-0.8109,1.8978
30-06-17,13:52:58:746035993,viktor,0,0,0.5283,-1.137,-0.2855,-0.1246,-1.2859,0.5524
30-06-17,13:52:58:946816027,viktor,0,0,0.285,-0.9752,-0.0248,-1.4119,-0.8882,-1.932
30-06-17,13:52:59:146620988,viktor,0,0,0.3165,-0.902,0.1702,-1.164,0.0385,-2.0103
30-06-17,13:52:59:346641004,viktor,0,0,0.5085,-0.8028,-0.227,1.1254,0.0152,0.9413
30-06-17,13:52:59:546639978,viktor,0,0,0.3716,-0.7429,-0.1764,1.1721,0.8563,1.953
30-06-17,13:52:59:745981991,viktor,0,0,0.6324,-1.0884,-0.2029,0.2663,-0.737,1.5198
30-06-17,13:52:59:946735978,viktor,0,0,0.5211,-1.166,-0.0669,-0.4915,-1.4886,-1.5622
30-06-17,13:53:0:146777987,viktor,0,0,0.3387,-0.8848,0.1047,-0.6261,-0.5139,-2.2408
30-06-17,13:53:0:346624970,viktor,0,0,0.4614,-1.1464,-0.0183,0.2165,0.2491,0.6734
30-06-17,13:53:0:546823024,viktor,0,0,0.2257,-0.7397,-0.0208,1.0513,-0.4419,1.4202
30-06-17,13:53:0:745979011,viktor,0,0,0.5931,-0.9641,-0.232,0.5439,0.5475,1.4513
30-06-17,13:53:0:946646988,viktor,0,0,0.5855,-1.1462,-0.1088,-0.4729,-1.6018,-0.5724
30-06-17,13:53:1:147023975,viktor,0,0,0.2847,-0.7593,-0.0114,-0.7653,0.8282,-2.7699
30-06-17,13:53:1:346665024,viktor,0,0,0.3549,-1.0565,0.0652,-0.2562,0.0045,-0.3285
30-06-17,13:53:1:546688973,viktor,0,0,0.4683,-1.1195,-0.142,0.743,-0.3873,2.1826
30-06-17,13:53:1:746002972,viktor,0,0,0.5855,-0.8095,-0.2669,0.2423,0.6602,1.3651
30-06-17,13:53:1:946627974,viktor,0,0,0.6072,-1.0441,-0.2508,-0.2173,-0.8004,-0.3941
30-06-17,13:53:2:146923005,viktor,0,0,0.3039,-0.7004,-0.0002,-0.5906,0.6662,-2.7873
30-06-17,13:53:2:346387028,viktor,0,0,0.3492,-1.0846,0.0662,-0.3647,0.1245,-0.399
30-06-17,13:53:2:546633005,viktor,0,0,0.4254,-1.1138,-0.1141,0.5225,-0.8127,2.2781
30-06-17,13:53:2:745927989,viktor,0,0,0.4224,-0.7515,-0.1247,0.4525,0.6359,1.239
30-06-17,13:53:2:946640014,viktor,0,0,0.5758,-1.1695,-0.2878,-0.1438,0.1753,-0.1873
30-06-17,13:53:3:146654009,viktor,0,0,0.22,-0.7924,-0.0359,-0.679,-0.0047,-2.5467
30-06-17,13:53:3:346341013,viktor,0,0,0.3162,-0.9621,0.0752,-0.4047,-0.1915,-1.4465
30-06-17,13:53:3:546818017,viktor,0,0,0.4528,-0.913,-0.0851,0.3986,-0.5418,2.8579
30-06-17,13:53:3:745836019,viktor,0,0,0.3537,-0.6741,-0.1034,0.5651,0.383,1.3884
30-06-17,13:53:3:946648001,viktor,0,0,0.5868,-1.2022,-0.2372,-0.1266,0.3999,0.3209
30-06-17,13:53:4:145973980,viktor,0,0,0.4449,-1.2787,0.0326,-0.7765,-0.4562,-2.4304
30-06-17,13:53:4:346638977,viktor,0,0,0.3313,-0.8896,0.0679,-0.1911,-0.4565,-2.5709
30-06-17,13:53:4:546759009,viktor,0,0,0.4688,-1.0241,-0.0006,0.2922,0.6663,2.7027
30-06-17,13:53:13:46613991,viktor,0,0,0.3356,-0.6784,-0.0971,0.3719,0.8811,1.6357
30-06-17,13:53:13:246513009,viktor,0,0,0.616,-1.5303,-0.2141,-0.4052,0.5935,-0.6857
30-06-17,13:53:13:446563005,viktor,0,0,0.2769,-1.0433,-0.0407,-0.9354,-0.5621,-2.8474
30-06-17,13:53:13:646785974,viktor,0,0,0.3541,-0.8344,0.0368,-0.0856,-0.5181,-1.9328
30-06-17,13:53:13:845743000,viktor,0,0,0.6245,-1.0092,-0.2337,0.3699,0.4656,3.5839
30-06-17,13:53:14:46486973,viktor,0,0,0.3982,-0.7042,-0.1237,0.5515,0.3504,1.6079
30-06-17,13:53:14:245593011,viktor,0,0,0.5593,-1.2322,-0.2468,-0.0872,0.1905,0.1505
30-06-17,13:53:14:446480989,viktor,0,0,0.4733,-1.2702,-0.0225,-0.72,-0.3134,-2.3748
30-06-17,13:53:14:646493971,viktor,0,0,0.3046,-0.8358,0.0197,-0.1155,-0.5295,-2.4091
30-06-17,13:53:14:845717012,viktor,0,0,0.4889,-1.072,-0.084,0.0824,0.7986,2.8542
30-06-17,13:53:15:46607971,viktor,0,0,0.3029,-0.6976,-0.0825,0.4251,0.672,1.7969
30-06-17,13:53:15:246743977,viktor,0,0,0.6187,-1.2203,-0.3073,0.0759,-0.2289,0.2673
30-06-17,13:53:15:446676015,viktor,0,0,0.3927,-1.1884,-0.0297,-0.6816,-1.3419,-1.6107
30-06-17,13:53:15:646553993,viktor,0,0,0.3277,-0.8311,0.0022,-0.348,0.0944,-2.637
30-06-17,13:53:15:845852971,viktor,0,0,0.3999,-0.9463,-0.0469,0.0607,0.5298,1.4213
30-06-17,13:53:16:46500027,viktor,0,0,0.3277,-0.7298,-0.1077,0.528,-0.0991,2.2371
30-06-17,13:53:16:246591985,viktor,0,0,0.571,-1.1304,-0.2989,0.1695,0.1035,1.0256
30-06-17,13:53:16:446569025,viktor,0,0,0.4882,-1.21,-0.084,-0.6158,-0.7365,-1.9146
30-06-17,13:53:16:646489024,viktor,0,0,0.3608,-0.8436,0.0154,-0.2776,-0.0614,-2.7183
30-06-17,13:53:16:845704972,viktor,0,0,0.3989,-1.0636,0.0402,0.0106,0.4997,1.2213
30-06-17,13:53:17:46564996,viktor,0,0,0.3332,-0.9214,-0.0615,0.7367,-0.3097,1.7799
30-06-17,13:53:17:246410012,viktor,0,0,0.4984,-0.9477,-0.2176,0.3644,0.2709,1.1514
30-06-17,13:53:17:446488976,viktor,0,0,0.522,-1.0431,-0.2399,-0.4743,-0.2237,-1.142
30-06-17,13:53:17:646501004,viktor,0,0,0.3132,-0.6933,-0.0312,-0.1617,-0.3221,-2.3276
30-06-17,13:53:17:845727026,viktor,0,0,0.3576,-1.1281,0.0336,-0.3517,0.2105,-0.2272
30-06-17,13:53:18:46661972,viktor,0,0,0.4329,-1.1355,-0.0869,0.2759,-0.1337,2.0669
30-06-17,13:53:18:246710002,viktor,0,0,0.4535,-0.7109,-0.1707,0.1671,0.2451,1.4284
30-06-17,13:53:18:446502983,viktor,0,0,0.5764,-1.1615,-0.3584,-0.3541,-0.6246,-0.5184
30-06-17,13:53:18:646156013,viktor,0,0,0.2917,-0.6769,-0.066,-0.6155,0.4735,-2.2089
30-06-17,13:53:18:845797002,viktor,0,0,0.3144,-1.0947,-0.0215,-0.1396,0.0389,-0.8548
30-06-17,13:53:19:46499013,viktor,0,0,0.4263,-1.0388,-0.1677,0.4698,-0.2635,2.0813
30-06-17,13:53:19:246609985,viktor,0,0,0.4188,-0.827,-0.1165,0.1221,1.0776,1.2727
30-06-17,13:53:19:446606993,viktor,0,0,0.5729,-1.2317,-0.2519,-0.1443,0.0278,0.2078
30-06-17,13:53:19:646403014,viktor,0,0,0.3404,-0.6807,-0.0863,-0.4991,0.0893,-1.9509
30-06-17,13:53:19:845936000,viktor,0,0,0.3128,-1.1473,0.0253,-0.6018,0.2641,-1.3059
30-06-17,13:53:20:46249985,viktor,0,0,0.4361,-1.1407,-0.1643,0.6118,-0.5618,1.7478
30-06-17,13:53:20:246272027,viktor,0,0,0.3735,-0.645,-0.1124,0.4287,0.5495,1.0201
30-06-17,13:53:20:446509003,viktor,0,0,0.5251,-1.3182,-0.2356,-0.103,-0.0937,0.7595
30-06-17,13:53:20:646808028,viktor,0,0,0.2923,-0.8345,-0.0673,-0.5445,0.3344,-2.2024
30-06-17,13:53:20:845905005,viktor,0,0,0.3277,-0.8111,0.0291,-0.221,-0.5827,-1.4962
30-06-17,13:53:21:46622991,viktor,0,0,0.4462,-1.115,-0.1081,0.2084,-0.0442,2.131
30-06-17,13:53:21:246532022,viktor,0,0,0.274,-0.5791,-0.0944,0.492,0.2787,0.6557
30-06-17,13:53:21:446995973,viktor,0,0,0.5038,-1.1655,-0.224,-0.1518,0.0798,0.8897
30-06-17,13:53:21:646502017,viktor,0,0,0.3859,-1.0099,-0.0275,-0.7253,-0.7326,-1.1953
30-06-17,13:53:21:845734000,viktor,0,0,0.3564,-0.8893,0.0112,0.0209,-0.4725,-2.4308
30-06-17,13:53:22:45857012,viktor,0,0,0.4382,-1.0498,-0.109,-0.0188,0.5479,2.0554
30-06-17,13:53:22:246501028,viktor,0,0,0.275,-0.5968,-0.1001,0.5466,0.2816,1.125
30-06-17,13:53:22:446750998,viktor,0,0,0.5383,-1.2726,-0.2304,0.0465,0.3084,1.0019
30-06-17,13:53:22:646642982,viktor,0,0,0.4072,-1.2403,-0.0022,-0.7548,-1.6075,-1.0876
30-06-17,13:53:22:845713019,viktor,0,0,0.3714,-0.804,0.011,-0.5705,0.3875,-2.5838
30-06-17,13:53:23:46543002,viktor,0,0,0.4244,-1.2109,-0.0137,0.0313,0.4636,1.2877
30-06-17,13:53:23:246243000,viktor,0,0,0.2253,-0.696,-0.0815,0.7829,-0.5261,1.3361
30-06-17,13:53:23:446494996,viktor,0,0,0.6225,-1.117,-0.3121,0.4882,0.2342,1.0674
30-06-17,13:53:23:646402001,viktor,0,0,0.5516,-1.2216,-0.1619,-0.4562,-0.1928,-1.1151
30-06-17,13:53:31:679986000,viktor,0,0,0.2677,-0.7471,0.0136,-0.6087,-0.2823,-1.9406
30-06-17,13:53:31:880276978,viktor,0,0,0.5943,-1.2638,-0.1086,-0.8264,-0.8128,-1.8137
30-06-17,13:53:32:79979002,viktor,0,0,0.2833,-0.9328,0.0478,-0.7424,0.3869,-2.9918
30-06-17,13:53:32:279753983,viktor,0,0,0.4411,-0.914,-0.0316,0.2779,0.2431,2.3214
30-06-17,13:53:32:479349017,viktor,0,0,0.2971,-0.6829,-0.1402,0.8385,-0.6104,1.9295
30-06-17,13:53:32:679304003,viktor,0,0,0.7097,-1.1566,-0.3781,0.2966,-0.0863,0.7873
30-06-17,13:53:32:879962980,viktor,0,0,0.5403,-1.4307,-0.0359,-0.8374,-0.7762,-1.6704
30-06-17,13:53:33:79954981,viktor,0,0,0.3846,-0.8189,0.0141,-0.1751,-0.2585,-2.9437
30-06-17,13:53:33:280431985,viktor,0,0,0.471,-1.1856,0.0354,-0.1723,0.7361,1.6525
30-06-17,13:53:33:479498028,viktor,0,0,0.2518,-0.7672,-0.0697,0.3746,0.0819,2.0066
30-06-17,13:53:33:680211007,viktor,0,0,0.6716,-1.0452,-0.3143,0.2851,0.0254,1.2805
30-06-17,13:53:33:880061984,viktor,0,0,0.6047,-1.2847,-0.1428,-0.4336,-0.4299,-1.6794
30-06-17,13:53:34:80030024,viktor,0,0,0.3339,-0.8006,-0.0202,0.1292,-0.3733,-3.2615
30-06-17,13:53:34:279974997,viktor,0,0,0.3429,-0.881,0.0131,-0.1695,0.3839,0.5007
30-06-17,13:53:34:479691982,viktor,0,0,0.4845,-1.2089,-0.1756,0.4324,-0.3668,2.9715
30-06-17,13:53:34:680020987,viktor,0,0,0.5121,-0.743,-0.1922,0.2994,1.3971,1.1349
30-06-17,13:53:34:879971981,viktor,0,0,0.5712,-0.9719,-0.2568,-0.4372,0.5613,-1.0171
30-06-17,13:53:35:79706013,viktor,0,0,0.3163,-0.7931,-0.031,-0.2244,-0.0154,-2.9823
30-06-17,13:53:35:280362010,viktor,0,0,0.3411,-0.9162,0.0511,-0.2681,-0.0709,-0.8561
30-06-17,13:53:35:479256987,viktor,0,0,0.561,-1.3257,-0.2037,0.2191,-0.4518,3.6658
30-06-17,13:53:35:680167973,viktor,0,0,0.4413,-0.762,-0.113,0.5956,0.7867,0.862
30-06-17,13:53:35:880016028,viktor,0,0,0.4945,-1.3484,-0.1783,-0.1627,0.206,-0.1527
30-06-17,13:53:36:80265998,viktor,0,0,0.2891,-0.8581,-0.081,-0.4405,-0.0799,-2.6239
30-06-17,13:53:36:279990971,viktor,0,0,0.307,-0.9037,0.0289,-0.1864,-0.3989,-1.5068
30-06-17,13:53:36:479354977,viktor,0,0,0.4362,-0.8953,-0.1105,0.2942,0.5659,2.8598
30-06-17,13:53:36:680224001,viktor,0,0,0.2813,-0.6785,-0.0825,0.7714,0.2734,1.0106
30-06-17,13:53:36:879346013,viktor,0,0,0.5857,-1.2316,-0.2917,-0.1372,-0.1247,0.5759
30-06-17,13:53:37:80003976,viktor,0,0,0.4039,-1.1482,-0.0182,-0.8147,-0.3499,-1.9736
30-06-17,13:53:37:279976010,viktor,0,0,0.3275,-0.8342,0.0535,-0.2446,-0.6054,-2.1684
30-06-17,13:53:37:479336977,viktor,0,0,0.4749,-1.0988,0.0093,0.0996,0.9803,2.1399
30-06-17,13:53:37:680064976,viktor,0,0,0.2779,-0.7089,-0.0701,0.7221,-0.2663,1.7089
30-06-17,13:53:37:880003988,viktor,0,0,0.5595,-1.0804,-0.2356,0.1543,0.015,0.9904
30-06-17,13:53:38:79972982,viktor,0,0,0.5339,-1.2329,-0.1176,-0.5149,0.3317,-1.4911
30-06-17,13:53:38:279977023,viktor,0,0,0.3824,-0.7146,-0.0081,0.1937,-0.846,-2.7034
30-06-17,13:53:38:479260027,viktor,0,0,0.3921,-1.0998,0.0118,-0.1772,0.4675,0.9996
30-06-17,13:53:38:679971992,viktor,0,0,0.3231,-0.8291,-0.0338,0.3036,0.6795,1.7462
30-06-17,13:53:38:879974007,viktor,0,0,0.442,-0.8842,-0.1065,0.1696,0.4693,1.7454
30-06-17,13:53:39:79972982,viktor,0,0,0.5914,-1.1003,-0.1851,-0.1069,-0.5757,-1.459
30-06-17,13:53:39:280049026,viktor,0,0,0.2918,-0.7856,-0.0579,-0.4235,-0.3827,-2.6685
30-06-17,13:53:39:479290008,viktor,0,0,0.2961,-1.046,0.0645,-0.329,0.6594,-0.918
30-06-17,13:53:39:680393993,viktor,0,0,0.5033,-1.1373,-0.1715,0.6074,-0.756,2.573
30-06-17,13:53:39:879751980,viktor,0,0,0.628,-0.6542,-0.1076,0.2977,-0.2117,1.6435
30-06-17,13:53:40:80430984,viktor,0,0,0.5905,-1.4769,-0.1751,-0.3593,0.2335,-0.4018
30-06-17,13:53:40:279972016,viktor,0,0,0.2805,-0.8244,-0.0274,-0.3888,-0.4188,-2.3099
30-06-17,13:53:40:479240000,viktor,0,0,0.2813,-0.9528,0.0874,-0.4264,0.2219,-1.1967
30-06-17,13:53:40:680312991,viktor,0,0,0.5272,-1.2016,-0.2239,0.6163,-0.9025,2.3217
30-06-17,13:53:40:880228996,viktor,0,0,0.4043,-0.6805,-0.0598,0.3971,0.7792,1.2834
30-06-17,13:53:41:79079985,viktor,0,0,0.7692,-1.6411,-0.1809,-0.4578,0.217,0.3494
30-06-17,13:53:41:280165970,viktor,0,0,0.412,-0.7707,-0.0519,-0.5111,-0.3469,-2.1132
30-06-17,13:53:41:478868007,viktor,0,0,0.2831,-0.973,0.1291,-0.4957,0.1717,-1.4431
30-06-17,13:53:41:679976999,viktor,0,0,0.4962,-1.1529,-0.105,0.7106,0.0052,1.5129
30-06-17,13:53:41:880398988,viktor,0,0,0.374,-0.6079,-0.1259,0.6267,0.4576,1.4836
30-06-17,13:53:42:80031991,viktor,0,0,0.5357,-1.2654,-0.2729,-0.1978,-0.274,0.9461
30-06-17,13:53:42:280170977,viktor,0,0,0.4875,-1.1446,-0.0221,-0.8355,-0.3522,-1.6293
30-06-17,13:53:50:596082985,viktor,0,0,0.3497,-0.8312,0.0516,-0.3096,-0.1251,-1.9345
30-06-17,13:53:50:796591997,viktor,0,0,0.4062,-0.9538,0.0137,-0.0898,0.3199,1.313
30-06-17,13:53:50:996703982,viktor,0,0,0.3605,-1.0376,-0.0565,0.3025,-0.2791,2.9984
30-06-17,13:53:51:196704983,viktor,0,0,0.4334,-0.855,-0.1253,0.3475,1.0589,1.0768
30-06-17,13:53:51:395779013,viktor,0,0,0.569,-1.13,-0.2944,-0.5425,-0.1109,-1.5344
30-06-17,13:53:51:595795989,viktor,0,0,0.2792,-0.7692,-0.0041,-0.6458,0.0685,-2.6062
30-06-17,13:53:51:796544015,viktor,0,0,0.315,-0.9834,0.0509,-0.0273,0.3217,-0.6352
30-06-17,13:53:51:996551990,viktor,0,0,0.5082,-1.2609,-0.1088,0.1151,-0.1298,3.2727
30-06-17,13:53:52:196588993,viktor,0,0,0.4234,-0.7448,-0.1552,0.3518,0.8952,0.9606
30-06-17,13:53:52:395974993,viktor,0,0,0.615,-1.3499,-0.2077,-0.3852,0.2493,-0.407
30-06-17,13:53:52:596818983,viktor,0,0,0.2857,-0.8812,-0.034,-0.208,0.1621,-2.8444
30-06-17,13:53:52:796406984,viktor,0,0,0.3114,-0.8837,0.0631,-0.0914,-0.0656,-0.7866
30-06-17,13:53:52:996549010,viktor,0,0,0.5753,-1.1945,-0.247,0.4157,-0.6655,2.9939
30-06-17,13:53:53:196542978,viktor,0,0,0.3927,-0.6869,-0.1037,0.3483,1.0203,0.9973
30-06-17,13:53:53:395875990,viktor,0,0,0.568,-1.4097,-0.2386,-0.2676,0.4358,-0.1373
30-06-17,13:53:53:596058011,viktor,0,0,0.2722,-0.8455,-0.0547,-0.549,-0.003,-2.1262
30-06-17,13:53:53:796684980,viktor,0,0,0.3112,-0.7744,0.04,-0.0801,-0.2723,-1.5217
30-06-17,13:53:53:996756970,viktor,0,0,0.5096,-1.0704,-0.0688,0.0175,0.1907,2.8465
30-06-17,13:53:54:196582019,viktor,0,0,0.3152,-0.6502,-0.0815,0.4063,0.3793,1.0435
30-06-17,13:53:54:395689010,viktor,0,0,0.6023,-1.1568,-0.2251,-0.1341,0.4403,0.4755
30-06-17,13:53:54:596544027,viktor,0,0,0.4586,-1.1883,-0.0642,-0.5679,-0.1798,-1.7099
30-06-17,13:53:54:796549022,viktor,0,0,0.3281,-0.7967,0.0054,-0.1539,-0.8782,-2.0358
30-06-17,13:53:54:996814012,viktor,0,0,0.4579,-1.2405,0.0012,-0.103,0.8752,1.9991
30-06-17,13:53:55:196198999,viktor,0,0,0.2414,-0.6318,-0.083,0.7066,0.0938,1.1105
30-06-17,13:53:55:395796000,viktor,0,0,0.5627,-1.0591,-0.2401,0.0093,0.1223,1.0444
30-06-17,13:53:55:595770001,viktor,0,0,0.5376,-1.2574,-0.0707,-0.5856,-0.1486,-1.3107
30-06-17,13:53:55:796525001,viktor,0,0,0.3306,-0.7657,0.0264,-0.1246,-0.5652,-2.1206
30-06-17,13:53:55:996302008,viktor,0,0,0.4452,-1.2689,0.0238,-0.3088,0.8233,1.0204
30-06-17,13:53:56:196550011,viktor,0,0,0.272,-0.8488,-0.0087,0.2584,-0.1268,1.5592
30-06-17,13:53:56:395778000,viktor,0,0,0.4971,-0.7955,-0.1947,0.1813,-0.0225,1.0334
30-06-17,13:53:56:596548974,viktor,0,0,0.6213,-0.9928,-0.2719,-0.1335,-0.1495,-0.6746
30-06-17,13:53:56:796543002,viktor,0,0,0.3239,-0.744,-0.0326,-0.2619,0.0951,-2.4614
30-06-17,13:53:56:996540009,viktor,0,0,0.3565,-1.1359,0.0479,-0.2493,0.469,0.0238
30-06-17,13:53:57:195999026,viktor,0,0,0.4442,-1.0941,-0.1248,0.206,-0.357,2.0673
30-06-17,13:53:57:396902978,viktor,0,0,0.4447,-0.7917,-0.1396,0.2626,0.5184,1.23
30-06-17,13:53:57:596282005,viktor,0,0,0.5783,-1.1423,-0.2617,-0.285,0.304,-0.5294
30-06-17,13:53:57:796543002,viktor,0,0,0.2484,-0.7245,-0.0358,-0.3219,0.5424,-2.3819
30-06-17,13:53:57:996541023,viktor,0,0,0.3455,-1.0356,0.0264,-0.2085,0.3357,-0.6009
30-06-17,13:53:58:196600973,viktor,0,0,0.4577,-1.1855,-0.1716,0.1907,-0.5315,2.3039
30-06-17,13:53:58:395771980,viktor,0,0,0.3512,-0.6716,-0.1189,0.3493,0.4789,0.826
30-06-17,13:53:58:596544027,viktor,0,0,0.5364,-1.2289,-0.1873,-0.5257,1.3906,-0.0174
30-06-17,13:53:58:796217024,viktor,0,0,0.3228,-0.9102,-0.027,0.084,-0.6734,-2.4761
30-06-17,13:53:58:996697008,viktor,0,0,0.2901,-0.9379,0.0492,-0.2869,0.3896,-0.6929
30-06-17,13:53:59:196281015,viktor,0,0,0.4893,-1.0411,-0.1725,-0.0384,-0.6758,2.4918
30-06-17,13:53:59:395799994,viktor,0,0,0.3489,-0.5235,-0.0484,-0.0459,1.2958,0.8011
30-06-17,13:53:59:596689999,viktor,0,0,0.5578,-1.2669,-0.2152,-0.0119,0.3591,0.5051
30-06-17,13:53:59:796657025,viktor,0,0,0.4165,-1.162,-0.0032,-0.2258,-0.7465,-1.9058
30-06-17,13:53:59:996538996,viktor,0,0,0.2599,-0.8136,0.0721,-0.0173,-0.3262,-2.0213
30-06-17,13:54:0:196550011,viktor,0,0,0.4554,-1.1397,-0.0208,-0.1209,0.6206,2.3364
30-06-17,13:54:0:395916998,viktor,0,0,0.3397,-0.6574,-0.116,0.4344,-0.3777,1.6116
30-06-17,13:54:0:596583008,viktor,0,0,0.5888,-1.1443,-0.2067,-0.0521,0.2531,0.9025
30-06-17,13:54:0:796366989,viktor,0,0,0.5511,-1.1742,-0.121,-0.2232,-0.768,-1.5403
30-06-17,13:54:0:996540009,viktor,0,0,0.2907,-0.7806,0.0076,-0.0489,0.3929,-2.5865
30-06-17,13:54:1:196682989,viktor,0,0,0.4357,-1.0894,0.0292,-0.2783,-0.145,0.8949
30-06-17,13:54:10:979777991,viktor,0,0,0.3551,-0.8578,-0.033,0.4922,-0.1958,1.8035
30-06-17,13:54:11:180037975,viktor,0,0,0.5731,-1.2977,-0.1129,-0.9188,-2.0753,-1.1197
30-06-17,13:54:11:380230009,viktor,0,0,0.3119,-0.8261,-0.0176,-0.7641,0.6178,-2.7405
30-06-17,13:54:11:580147027,viktor,0,0,0.4322,-0.8904,-0.0054,0.0815,0.825,1.8768
30-06-17,13:54:11:779307007,viktor,0,0,0.3414,-0.9065,-0.0754,0.3005,1.552,1.357
30-06-17,13:54:11:980277001,viktor,0,0,0.5667,-0.8585,-0.1349,0.4116,-0.3843,0.8104
30-06-17,13:54:12:180029988,viktor,0,0,0.6399,-0.9098,-0.2783,-0.165,-1.3362,-0.5037
30-06-17,13:54:12:379958987,viktor,0,0,0.2692,-0.7063,-0.0296,-0.7498,0.5253,-2.2233
30-06-17,13:54:12:580482006,viktor,0,0,0.3942,-1.0519,-0.032,-0.3394,0.7294,0.1755
30-06-17,13:54:12:779529988,viktor,0,0,0.3691,-1.0775,-0.0829,0.4481,-1.0645,2.2434
30-06-17,13:54:12:980020999,viktor,0,0,0.443,-0.7705,-0.2376,0.5201,0.4692,0.8704
30-06-17,13:54:13:180060982,viktor,0,0,0.5022,-1.4842,-0.2221,-0.787,0.7726,-0.0705
30-06-17,13:54:13:380046010,viktor,0,0,0.2716,-0.8783,-0.1022,-0.7409,-0.0998,-2.7519
30-06-17,13:54:13:580196022,viktor,0,0,0.3011,-0.9558,0.0111,-0.7938,0.4724,-1.3127
30-06-17,13:54:13:779538989,viktor,0,0,0.5366,-0.9988,-0.2612,0.7758,-1.1724,3.3624
30-06-17,13:54:13:980165004,viktor,0,0,0.3086,-0.7773,-0.1509,0.8066,1.0808,1.0336
30-06-17,13:54:14:180077016,viktor,0,0,0.4403,-1.3113,-0.2983,-0.1621,-0.213,-0.0274
30-06-17,13:54:14:380011975,viktor,0,0,0.2643,-1.0547,-0.0638,-1.1469,-0.0577,-2.2592
30-06-17,13:54:14:580053985,viktor,0,0,0.3242,-0.8554,-0.0045,-0.5419,0.0372,-2.3026
30-06-17,13:54:14:779263973,viktor,0,0,0.4943,-0.9116,-0.1324,0.3937,0.6464,3.3513
30-06-17,13:54:14:980044007,viktor,0,0,0.094,-0.6939,-0.1039,0.3275,2.1568,1.1593
30-06-17,13:54:15:180055975,viktor,0,0,0.58,-1.1603,-0.3137,0.3256,-2.1254,0.4636
30-06-17,13:54:15:380214989,viktor,0,0,0.4915,-1.1615,-0.1002,-0.7391,-1.1075,-1.5129
30-06-17,13:54:15:580012977,viktor,0,0,0.3012,-0.8528,-0.0114,-0.551,0.2355,-2.7709
30-06-17,13:54:15:779284000,viktor,0,0,0.4756,-0.9222,-0.0792,-0.0051,0.853,1.9135
30-06-17,13:54:15:980104982,viktor,0,0,0.2266,-0.6885,-0.1532,0.7044,-0.3252,2.0166
30-06-17,13:54:16:179159998,viktor,0,0,0.6174,-1.0923,-0.3576,0.3456,-0.2916,0.6541
30-06-17,13:54:16:380010008,viktor,0,0,0.5749,-1.3196,-0.1376,-0.6401,-0.4783,-1.3032
30-06-17,13:54:16:580003976,viktor,0,0,0.3208,-0.8392,-0.0114,-0.5898,0.2347,-2.6819
30-06-17,13:54:16:779487013,viktor,0,0,0.4195,-1.0844,-0.0079,-0.1149,0.7883,0.9417
30-06-17,13:54:16:980117022,viktor,0,0,0.227,-0.867,-0.0921,0.723,-0.8114,2.4589
30-06-17,13:54:17:179826974,viktor,0,0,0.5303,-0.8414,-0.3204,0.5193,-0.0605,0.942
30-06-17,13:54:17:380019009,viktor,0,0,0.5527,-1.1479,-0.2232,-0.6129,0.3663,-1.2267
30-06-17,13:54:17:580567002,viktor,0,0,0.309,-0.7824,-0.012,-0.3852,-0.2708,-2.7899
30-06-17,13:54:17:779263973,viktor,0,0,0.3779,-0.8867,-0.0065,-0.2281,0.4626,-0.1827
30-06-17,13:54:17:980067014,viktor,0,0,0.4456,-1.2587,-0.1127,0.5866,-1.5259,2.9427
30-06-17,13:54:18:180172026,viktor,0,0,0.4749,-0.7468,-0.2379,0.3831,0.5938,0.6294
30-06-17,13:54:18:380053997,viktor,0,0,0.6028,-1.2218,-0.3383,-0.3509,0.586,0.0137
30-06-17,13:54:18:579994022,viktor,0,0,0.291,-0.8221,-0.0726,-0.6658,0.1295,-2.6179
30-06-17,13:54:18:779694974,viktor,0,0,0.2991,-0.8757,0.0174,-0.4082,0.0908,-1.2135
30-06-17,13:54:18:980117976,viktor,0,0,0.5286,-1.2143,-0.2657,0.728,-0.3699,3.2911
30-06-17,13:54:19:180067002,viktor,0,0,0.2994,-0.6795,-0.165,0.4977,1.0238,0.5549
30-06-17,13:54:19:380056977,viktor,0,0,0.5979,-1.1538,-0.3517,-0.1552,-0.3152,0.5141
30-06-17,13:54:19:580101013,viktor,0,0,0.4751,-1.2283,-0.1034,-0.7561,-0.2019,-1.8784
30-06-17,13:54:19:779533028,viktor,0,0,0.2964,-0.8146,0.004,-0.3773,-0.1852,-2.0492
30-06-17,13:54:19:980054974,viktor,0,0,0.4835,-1.1357,-0.0534,0.3511,0.5284,3.0304
30-06-17,13:54:20:180131018,viktor,0,0,0.2218,-0.7163,-0.112,0.6834,0.4427,1.12
30-06-17,13:54:20:380245983,viktor,0,0,0.461,-0.9465,-0.2923,0.0428,0.1714,0.4167
30-06-17,13:54:20:580007016,viktor,0,0,0.5457,-1.3315,-0.1174,-0.7662,-0.5275,-1.7085
30-06-17,13:54:20:779325008,viktor,0,0,0.3389,-0.7595,-0.0016,-0.2037,-0.5425,-2.4434
30-06-17,13:54:20:979924023,viktor,0,0,0.4367,-1.1403,-0.0376,-0.0589,0.7491,1.9768
30-06-17,13:54:21:180142998,viktor,0,0,0.2524,-0.8555,-0.0542,0.6766,-0.397,1.4752
30-06-17,13:54:21:380226016,viktor,0,0,0.5509,-0.9286,-0.3052,0.3405,0.3087,0.835
30-06-17,13:54:21:580021023,viktor,0,0,0.4266,-1.056,-0.2398,-0.6163,0.0165,-1.4722
30-06-17,13:54:30:265444993,viktor,0,0,0.3036,-0.7747,-0.0422,-0.6754,0.1403,-2.4824
30-06-17,13:54:30:465489983,viktor,0,0,0.6007,-1.1798,-0.2434,0.3225,0.1479,3.0892
30-06-17,13:54:30:665547013,viktor,0,0,0.4037,-0.6062,-0.137,0.6937,-0.1817,1.2837
30-06-17,13:54:30:865145027,viktor,0,0,0.5232,-1.1282,-0.2379,-0.1456,0.0802,0.173
30-06-17,13:54:31:64751029,viktor,0,0,0.3714,-1.0017,-0.0515,-0.9061,0.4346,-2.1264
30-06-17,13:54:31:265429019,viktor,0,0,0.3024,-0.7872,0.0544,-0.2573,-0.4567,-2.2423
30-06-17,13:54:31:465427994,viktor,0,0,0.5394,-1.1144,-0.1331,0.1621,0.4672,2.8537
30-06-17,13:54:31:665464997,viktor,0,0,0.2478,-0.7093,-0.0861,0.8421,0.1142,1.4305
30-06-17,13:54:31:865566015,viktor,0,0,0.5971,-1.097,-0.3046,-0.0537,-0.1897,0.6641
30-06-17,13:54:32:64642012,viktor,0,0,0.5186,-1.1878,-0.0888,-0.6339,-0.2257,-1.7295
30-06-17,13:54:32:265565991,viktor,0,0,0.3131,-0.8761,0.0235,-0.3714,-0.2015,-2.7194
30-06-17,13:54:32:466022014,viktor,0,0,0.4926,-1.1017,-0.0233,-0.0722,0.4213,1.8843
30-06-17,13:54:32:665395975,viktor,0,0,0.354,-0.8389,-0.0923,0.853,-1.0927,2.2535
30-06-17,13:54:32:864969015,viktor,0,0,0.4814,-1.0386,-0.2856,0.2595,0.737,0.3964
30-06-17,13:54:33:64782023,viktor,0,0,0.6275,-1.2703,-0.1281,-0.7625,-1.643,-0.469
30-06-17,13:54:33:264788985,viktor,0,0,0.2372,-0.7812,-0.0216,-0.7743,0.9351,-3.1795
30-06-17,13:54:33:465399026,viktor,0,0,0.3254,-0.864,0.0416,-0.3637,0.829,0.396
30-06-17,13:54:33:665396988,viktor,0,0,0.3802,-0.9666,-0.0232,0.772,-0.8583,2.5318
30-06-17,13:54:33:865522027,viktor,0,0,0.4631,-0.9102,-0.2144,0.5035,0.5777,0.6664
30-06-17,13:54:34:64700007,viktor,0,0,0.5819,-1.195,-0.2273,-0.5696,-0.3331,-0.0513
30-06-17,13:54:34:265401005,viktor,0,0,0.2822,-0.7987,-0.0286,-0.8201,0.5708,-2.6072
30-06-17,13:54:34:465397000,viktor,0,0,0.3291,-0.9057,0.0416,-0.3045,0.152,-1.1423
30-06-17,13:54:34:665217995,viktor,0,0,0.4946,-1.2142,-0.1963,0.7827,-1.0439,2.5927
30-06-17,13:54:34:865487992,viktor,0,0,0.3059,-0.7454,-0.2109,0.9067,0.1985,0.8965
30-06-17,13:54:35:64763009,viktor,0,0,0.6162,-1.3798,-0.331,-0.4191,0.1813,0.3053
30-06-17,13:54:35:265394985,viktor,0,0,0.3045,-0.7608,-0.0581,-0.9482,0.5014,-2.1606
30-06-17,13:54:35:465510010,viktor,0,0,0.3039,-0.9561,0.0522,-0.5181,0.2354,-1.2811
30-06-17,13:54:35:665408015,viktor,0,0,0.4609,-0.9906,-0.2373,0.7314,-0.0875,2.1644
30-06-17,13:54:35:865454018,viktor,0,0,0.4019,-0.6885,-0.1547,0.7772,0.1716,1.148
30-06-17,13:54:36:64642012,viktor,0,0,0.4783,-1.166,-0.2385,-0.2872,0.3584,0.4569
30-06-17,13:54:36:265498995,viktor,0,0,0.345,-1.1097,-0.0455,-0.8739,-0.0374,-1.8991
30-06-17,13:54:36:465701997,viktor,0,0,0.2844,-0.7543,0.0372,-0.3076,-0.1687,-2.1791
30-06-17,13:54:36:665549993,viktor,0,0,0.4636,-0.9856,-0.0499,0.1938,1.048,2.87
30-06-17,13:54:36:865656971,viktor,0,0,0.3209,-0.6785,-0.1201,0.8003,-0.2161,1.2005
30-06-17,13:54:37:65138995,viktor,0,0,0.5868,-1.116,-0.2847,0.068,-0.2364,0.714
30-06-17,13:54:37:265578985,viktor,0,0,0.548,-1.2571,-0.1356,-0.8205,-0.4823,-1.3702
30-06-17,13:54:37:465394973,viktor,0,0,0.3044,-0.7385,0.0186,-0.4477,0.2023,-2.5524
30-06-17,13:54:37:665381014,viktor,0,0,0.4051,-0.9521,0.0196,-0.1341,0.6492,1.1801
30-06-17,13:54:37:865661978,viktor,0,0,0.3958,-1.0376,-0.0246,0.9105,-0.9282,1.9635
30-06-17,13:54:38:64997971,viktor,0,0,0.4759,-0.8437,-0.2073,0.4256,0.7942,0.6932
30-06-17,13:54:38:265359997,viktor,0,0,0.4659,-1.0424,-0.2657,-0.7551,0.1387,-1.2613
30-06-17,13:54:38:465394020,viktor,0,0,0.2844,-0.6963,-0.0007,-0.9009,0.2592,-2.0039
30-06-17,13:54:38:665504992,viktor,0,0,0.3428,-1.0054,0.0552,0.0524,0.7784,0.0524
30-06-17,13:54:38:865423977,viktor,0,0,0.3867,-1.1259,-0.0423,0.6727,-1.0505,2.2994
30-06-17,13:54:39:64665019,viktor,0,0,0.4435,-0.832,-0.1901,0.4193,0.3143,1.1769
30-06-17,13:54:39:265452980,viktor,0,0,0.5717,-1.3006,-0.2244,-0.6899,0.1006,-0.8602
30-06-17,13:54:39:465367019,viktor,0,0,0.2759,-0.788,-0.0119,-0.8664,0.3503,-2.2748
30-06-17,13:54:39:665391027,viktor,0,0,0.3079,-0.95,0.067,-0.1367,0.2256,-1.0927
30-06-17,13:54:39:865373015,viktor,0,0,0.4608,-1.1792,-0.1793,0.7313,-0.6482,2.3426
30-06-17,13:54:40:64899027,viktor,0,0,0.4056,-0.7388,-0.1217,0.6851,0.1835,1.4762
30-06-17,13:54:40:265492022,viktor,0,0,0.4965,-1.1338,-0.245,-0.468,0.0735,0.1827
30-06-17,13:54:40:465372979,viktor,0,0,0.369,-1.0528,-0.0192,-0.8375,0.3252,-2.5222
30-06-17,13:54:40:665472984,viktor,0,0,0.2804,-0.8723,0.0685,-0.3638,-0.0888,-1.9523
30-06-17,13:54:40:865453004,viktor,0,0,0.4615,-0.9553,-0.125,0.6156,0.0221,2.6269
30-06-17,13:54:58:729771971,viktor,0,0,0.3491,-0.7034,-0.1345,0.7577,0.4564,1.4003
30-06-17,13:54:58:929795980,viktor,0,0,0.6022,-1.1206,-0.2709,-0.1606,0.1654,0.1188
30-06-17,13:54:59:130026996,viktor,0,0,0.3511,-1.0061,-0.0251,-0.7617,-0.8974,-2.017
30-06-17,13:54:59:329711019,viktor,0,0,0.319,-0.9366,0.0419,-0.2178,-0.3479,-2.9057
30-06-17,13:54:59:528932988,viktor,0,0,0.4656,-0.8155,-0.1427,0.2606,0.7861,2.5391
30-06-17,13:54:59:729689002,viktor,0,0,0.3654,-0.7525,-0.1846,0.3913,0.173,2.3572
30-06-17,13:54:59:929346978,viktor,0,0,0.5742,-1.041,-0.2881,0.2379,-0.2413,0.8891
30-06-17,13:55:0:129773974,viktor,0,0,0.6054,-1.3065,-0.0821,-0.6474,-0.7148,-1.6279
30-06-17,13:55:0:329699993,viktor,0,0,0.3311,-0.9232,-0.0014,-0.0986,-0.4389,-3.3419
30-06-17,13:55:0:528937995,viktor,0,0,0.4432,-0.9634,-0.0444,-0.1339,0.57,1.2279
30-06-17,13:55:0:729691982,viktor,0,0,0.2858,-0.7874,-0.1001,0.5418,-0.252,2.7051
30-06-17,13:55:0:929804027,viktor,0,0,0.4611,-0.9231,-0.1998,0.5149,0.3624,1.0001
30-06-17,13:55:1:129705011,viktor,0,0,0.5091,-0.9375,-0.3205,-0.3706,-0.2028,-1.2069
30-06-17,13:55:1:329753994,viktor,0,0,0.2964,-0.8639,-0.0152,-0.6217,0.0335,-2.86
30-06-17,13:55:1:529075026,viktor,0,0,0.4075,-0.9708,-0.0134,-0.3079,0.5588,-0.6595
30-06-17,13:55:1:729767024,viktor,0,0,0.3871,-1.0496,-0.0334,0.2493,-0.3863,2.9644
30-06-17,13:55:1:929750978,viktor,0,0,0.5212,-0.8346,-0.1898,0.44,0.1421,1.3737
30-06-17,13:55:2:129958987,viktor,0,0,0.5823,-1.2468,-0.2585,-0.451,0.3513,-0.7737
30-06-17,13:55:2:329968988,viktor,0,0,0.3021,-0.8532,-0.0891,-0.5902,0.0391,-2.7951
30-06-17,13:55:2:528976023,viktor,0,0,0.2916,-0.8956,0.0692,-0.4179,0.3022,-1.4242
30-06-17,13:55:2:729704022,viktor,0,0,0.5227,-1.0815,-0.2939,0.7399,-1.6203,3.277
30-06-17,13:55:2:929724991,viktor,0,0,0.3995,-0.7314,-0.1191,0.5493,0.902,1.2153
30-06-17,13:55:3:129687011,viktor,0,0,0.4733,-1.294,-0.2479,-0.1846,0.1645,0.0271
30-06-17,13:55:3:329917013,viktor,0,0,0.3745,-1.0143,-0.0602,-0.8993,-0.5319,-1.8496
30-06-17,13:55:3:528945028,viktor,0,0,0.3051,-0.877,0.0079,-0.4835,-0.3073,-2.2386
30-06-17,13:55:3:730068027,viktor,0,0,0.4082,-0.8642,-0.1218,0.3439,0.8448,2.1739
30-06-17,13:55:3:929674983,viktor,0,0,0.3126,-0.7108,-0.1112,0.6312,-0.0091,1.6217
30-06-17,13:55:4:129827976,viktor,0,0,0.5626,-1.1738,-0.308,0.2317,0.071,0.5991
30-06-17,13:55:4:329693019,viktor,0,0,0.4874,-1.1959,-0.097,-0.7422,-0.7272,-1.4296
30-06-17,13:55:4:528931021,viktor,0,0,0.285,-0.8171,0.0047,-0.4398,-0.6373,-2.1895
30-06-17,13:55:4:730008006,viktor,0,0,0.4884,-1.1082,-0.09,-0.0993,0.9983,1.1602
30-06-17,13:55:4:929672002,viktor,0,0,0.3128,-0.6879,-0.1299,0.5113,0.1737,1.8969
30-06-17,13:55:5:129683017,viktor,0,0,0.4485,-0.8239,-0.2252,0.5552,-0.669,0.9452
30-06-17,13:55:5:329694986,viktor,0,0,0.5133,-1.0325,-0.3051,-0.5109,-0.4355,-0.8006
30-06-17,13:55:5:528949975,viktor,0,0,0.166,-0.86,-0.0051,-1.2274,1.8434,-2.9073
30-06-17,13:55:5:729743003,viktor,0,0,0.4295,-0.8713,-0.0116,0.1327,-0.215,0.5891
30-06-17,13:55:5:929709017,viktor,0,0,0.418,-1.32,-0.1151,0.5186,0.0033,2.7881
30-06-17,13:55:6:129742980,viktor,0,0,0.3854,-0.7409,-0.1249,0.5311,0.3025,0.8479
30-06-17,13:55:6:329783976,viktor,0,0,0.5513,-1.3998,-0.3147,-0.63,-0.2355,-0.6618
30-06-17,13:55:6:528998970,viktor,0,0,0.2627,-0.8758,-0.0791,-0.9808,0.413,-2.1667
30-06-17,13:55:6:729700982,viktor,0,0,0.2946,-0.8626,0.0237,-0.1479,-0.0229,-1.3796
30-06-17,13:55:6:929862022,viktor,0,0,0.4794,-1.0306,-0.2019,0.6261,-0.387,2.9164
30-06-17,13:55:7:129696011,viktor,0,0,0.3402,-0.7017,-0.134,0.5354,0.6173,0.9991
30-06-17,13:55:7:329770028,viktor,0,0,0.4732,-1.2202,-0.273,-0.1494,-0.0255,0.2892
30-06-17,13:55:7:528913974,viktor,0,0,0.3892,-1.0202,-0.0989,-0.7691,-0.7887,-1.7466
30-06-17,13:55:7:729798972,viktor,0,0,0.2865,-0.8031,0.0039,-0.4691,0.131,-2.4199
30-06-17,13:55:7:929674983,viktor,0,0,0.4901,-1.1532,-0.0792,0.3431,0.5734,2.5396
30-06-17,13:55:8:129721999,viktor,0,0,0.1907,-0.7177,-0.1057,0.7401,0.321,0.8617
30-06-17,13:55:8:330174028,viktor,0,0,0.5775,-1.0883,-0.328,-0.0119,-0.1064,0.9474
30-06-17,13:55:8:529035985,viktor,0,0,0.531,-1.2936,-0.0965,-0.7723,-0.4528,-1.2393
30-06-17,13:55:8:729704022,viktor,0,0,0.3319,-0.8441,-0.0083,-0.2783,-0.4864,-2.571
30-06-17,13:55:8:929747998,viktor,0,0,0.4717,-1.157,-0.0385,-0.0866,0.7675,1.6896
30-06-17,13:55:9:129763007,viktor,0,0,0.2287,-0.7356,-0.1021,0.8366,-0.9764,1.6554
30-06-17,13:55:9:329971015,viktor,0,0,0.4684,-0.7977,-0.2657,0.3909,0.308,1.0172
30-06-17,13:55:17:280111014,viktor,0,0,0.4919,-1.2205,-0.1887,-0.5887,-0.217,-1.142
30-06-17,13:55:17:479920029,viktor,0,0,0.2644,-0.7238,-0.1438,0.5655,0.7349,0.986
30-06-17,13:55:17:680056989,viktor,0,0,0.5776,-1.0888,-0.3169,0.0238,-0.1793,0.8335
30-06-17,13:55:17:879936993,viktor,0,0,0.5163,-1.2788,-0.1173,-0.55,-0.6889,-1.6769
30-06-17,13:55:18:79192996,viktor,0,0,0.309,-0.7447,-0.0196,-0.4058,-0.4337,-2.3217
30-06-17,13:55:18:279851019,viktor,0,0,0.5211,-1.1213,-0.0929,-0.0029,0.4887,1.2282
30-06-17,13:55:18:479852974,viktor,0,0,0.3494,-0.8389,-0.1185,0.5309,0.162,2.1041
30-06-17,13:55:18:680033028,viktor,0,0,0.4911,-0.9095,-0.2847,0.4998,-0.1389,0.8071
30-06-17,13:55:18:879849970,viktor,0,0,0.4966,-1.2586,-0.2067,-0.7662,0.325,-1.0734
30-06-17,13:55:19:79209983,viktor,0,0,0.2682,-0.7477,-0.0684,-0.4937,0.071,-2.5485
30-06-17,13:55:19:279841005,viktor,0,0,0.316,-0.8637,0.0287,-0.0778,0.3358,0.0906
30-06-17,13:55:19:479923009,viktor,0,0,0.4783,-1.23,-0.2733,0.8852,-1.1281,2.2536
30-06-17,13:55:19:680122971,viktor,0,0,0.4292,-0.6961,-0.1821,0.6003,0.2858,0.9995
30-06-17,13:55:19:879840016,viktor,0,0,0.4648,-1.3388,-0.2649,-0.8127,0.8002,-0.1248
30-06-17,13:55:20:79249978,viktor,0,0,0.3242,-0.9189,-0.0945,-0.6581,0.036,-2.2191
30-06-17,13:55:20:279928028,viktor,0,0,0.2751,-0.7988,0.025,-0.2631,-0.299,-1.3663
30-06-17,13:55:20:479833006,viktor,0,0,0.4408,-0.9165,-0.2043,0.7564,-0.1761,2.5514
30-06-17,13:55:20:680033028,viktor,0,0,0.3315,-0.6867,-0.1954,0.6062,0.4562,0.8734
30-06-17,13:55:20:879855990,viktor,0,0,0.4915,-1.1322,-0.3177,-0.0749,-0.2533,0.2264
30-06-17,13:55:21:79084992,viktor,0,0,0.4321,-1.1836,-0.0928,-0.8954,-0.1534,-1.6911
30-06-17,13:55:21:279769003,viktor,0,0,0.2988,-0.8091,0.0048,-0.3925,-0.2916,-1.8791
30-06-17,13:55:21:479853987,viktor,0,0,0.4818,-1.0469,-0.0994,0.3361,0.305,2.2069
30-06-17,13:55:21:680154025,viktor,0,0,0.2422,-0.7006,-0.1285,0.9266,-0.0993,1.1588
30-06-17,13:55:21:879862010,viktor,0,0,0.5194,-1.0398,-0.3347,0.1023,0.0008,0.33
30-06-17,13:55:22:79209029,viktor,0,0,0.4667,-1.2646,-0.1725,-0.9472,0.4013,-1.6698
30-06-17,13:55:22:279830992,viktor,0,0,0.2968,-0.7198,0.0034,-0.5221,-0.2798,-1.8326
30-06-17,13:55:22:479817986,viktor,0,0,0.3966,-0.988,-0.053,0.3738,0.2997,1.3652
30-06-17,13:55:22:679830014,viktor,0,0,0.2886,-1.0152,-0.0963,0.6455,-0.0901,1.5946
30-06-17,13:55:22:879882991,viktor,0,0,0.4381,-0.8038,-0.2433,0.3649,-0.0538,0.6651
30-06-17,13:55:23:79080998,viktor,0,0,0.4577,-1.0161,-0.2795,-0.6877,0.7666,-0.742
30-06-17,13:55:23:279853999,viktor,0,0,0.2666,-0.7754,-0.0307,-0.4853,-0.162,-2.289
30-06-17,13:55:23:479855000,viktor,0,0,0.3729,-0.9223,-0.0312,-0.2655,0.2999,-0.1386
30-06-17,13:55:23:679834008,viktor,0,0,0.4181,-1.2054,-0.1609,0.6637,-0.7462,2.0794
30-06-17,13:55:23:879962980,viktor,0,0,0.3776,-0.6639,-0.1472,0.7016,0.1384,0.7257
30-06-17,13:55:24:79159975,viktor,0,0,0.4871,-1.3085,-0.3017,-0.5276,0.6076,-0.0614
30-06-17,13:55:24:279922008,viktor,0,0,0.3008,-0.9319,-0.1051,-0.7734,0.0084,-2.0659
30-06-17,13:55:24:479834973,viktor,0,0,0.2743,-0.7736,0.0286,-0.343,-0.1537,-1.5109
30-06-17,13:55:24:679822981,viktor,0,0,0.4838,-0.9834,-0.2837,0.9446,-0.2697,2.6488
30-06-17,13:55:24:879817008,viktor,0,0,0.3254,-0.6353,-0.1596,0.369,1.3985,0.4862
30-06-17,13:55:25:79120993,viktor,0,0,0.5657,-1.1069,-0.3392,-0.069,-0.1394,0.6843
30-06-17,13:55:25:280025005,viktor,0,0,0.5629,-1.3332,-0.1024,-0.8813,-0.7884,-1.1716
30-06-17,13:55:25:479900002,viktor,0,0,0.3066,-0.723,0.0094,-0.3944,-0.295,-2.1465
30-06-17,13:55:25:679826021,viktor,0,0,0.5179,-1.1613,-0.0969,0.2525,0.3526,1.7932
30-06-17,13:55:25:879844009,viktor,0,0,0.2064,-0.6652,-0.1483,0.9432,-0.4189,1.0055
30-06-17,13:55:26:79319000,viktor,0,0,0.5343,-1.0785,-0.3395,0.0885,-0.0557,0.7831
30-06-17,13:55:26:279021978,viktor,0,0,0.5533,-1.3174,-0.1591,-0.7778,-0.0069,-1.2226
30-06-17,13:55:26:479816019,viktor,0,0,0.2965,-0.7281,-0.0249,-0.3539,-0.0601,-2.3543
30-06-17,13:55:26:679912984,viktor,0,0,0.4623,-1.1089,-0.0633,0.0027,0.5114,1.4652
30-06-17,13:55:26:880047023,viktor,0,0,0.1768,-0.7414,-0.1361,0.382,0.6274,1.3
30-06-17,13:55:27:79146027,viktor,0,0,0.5614,-0.8888,-0.2954,0.5255,-1.1374,0.8829
30-06-17,13:55:27:279847025,viktor,0,0,0.5881,-1.2272,-0.2316,-0.3382,0.1429,-0.8759
30-06-17,13:55:27:479887008,viktor,0,0,0.2588,-0.7297,-0.0665,-0.4171,-0.0698,-2.4544
30-06-17,13:55:27:679939985,viktor,0,0,0.3354,-0.8781,0.0048,-0.3656,0.6906,0.0978
30-06-17,13:55:27:879875004,viktor,0,0,0.5232,-1.28,-0.2143,0.7243,-1.4786,2.1782
30-06-17,13:55:36:96974015,viktor,0,0,0.4142,-0.668,-0.1671,0.3729,0.812,0.6566
30-06-17,13:55:36:296742975,viktor,0,0,0.5735,-0.9953,-0.1865,0.7851,-0.2802,3.1364
30-06-17,13:55:36:496209979,viktor,0,0,0.3678,-0.7002,-0.1922,0.6202,0.7129,1.1088
30-06-17,13:55:36:696870982,viktor,0,0,0.4852,-1.1446,-0.2964,0.0197,-0.8108,0.5878
30-06-17,13:55:36:895990014,viktor,0,0,0.4345,-1.1576,-0.1143,-0.8211,-0.4528,-1.6604
30-06-17,13:55:37:97315013,viktor,0,0,0.26,-0.767,-0.0124,-0.5578,-0.2053,-2.4479
30-06-17,13:55:37:297173023,viktor,0,0,0.5206,-1.0885,-0.1022,0.2051,0.5331,1.8878
30-06-17,13:55:37:496837019,viktor,0,0,0.2623,-0.8454,-0.1413,0.5942,0.7538,1.6373
30-06-17,13:55:37:696981012,viktor,0,0,0.4968,-0.8421,-0.2732,0.3561,-0.3088,0.941
30-06-17,13:55:37:896121025,viktor,0,0,0.5403,-1.1694,-0.2771,-0.6039,0.0281,-0.9556
30-06-17,13:55:38:96381008,viktor,0,0,0.2925,-0.7514,-0.0474,-0.5897,-0.0716,-2.3956
30-06-17,13:55:38:296869993,viktor,0,0,0.3413,-0.879,-0.0136,-0.1551,0.5396,0.0445
30-06-17,13:55:38:496493995,viktor,0,0,0.5066,-1.2925,-0.2268,0.7978,-0.5698,2.4429
30-06-17,13:55:38:696739971,viktor,0,0,0.4127,-0.7309,-0.1978,0.5422,0.5641,0.7729
30-06-17,13:55:38:896188974,viktor,0,0,0.497,-1.335,-0.301,-0.5384,0.432,-0.1141
30-06-17,13:55:39:96789002,viktor,0,0,0.4992,-1.1004,-0.1171,-0.809,-0.556,-1.7211
30-06-17,13:55:39:296064972,viktor,0,0,0.2639,-0.7653,0.0181,-0.3934,0.1607,-1.8203
30-06-17,13:55:39:496833026,viktor,0,0,0.4631,-0.9588,-0.1759,0.7573,-0.1322,2.3748
30-06-17,13:55:39:696739971,viktor,0,0,0.3145,-0.715,-0.1757,0.858,0.2615,1.3006
30-06-17,13:55:39:895964026,viktor,0,0,0.5068,-1.0707,-0.3304,0.0611,-0.2298,0.4664
30-06-17,13:55:40:96711993,viktor,0,0,0.5251,-1.223,-0.1788,-0.9084,-0.6974,-1.2543
30-06-17,13:55:40:296900987,viktor,0,0,0.2515,-0.7854,0.0095,-0.8669,0.4601,-2.4883
30-06-17,13:55:40:496725976,viktor,0,0,0.4888,-1.125,-0.0835,0.3543,0.0986,1.3475
30-06-17,13:55:40:696915984,viktor,0,0,0.3121,-0.9332,-0.1151,0.9882,-0.1607,1.5606
30-06-17,13:55:40:896116018,viktor,0,0,0.4519,-0.7761,-0.2834,0.5717,0.0923,0.8672
30-06-17,13:55:41:96534013,viktor,0,0,0.5092,-1.0756,-0.3264,-0.7697,-0.1932,-0.7874
30-06-17,13:55:41:296714007,viktor,0,0,0.289,-0.7183,-0.0684,-0.756,0.1794,-2.4355
30-06-17,13:55:41:496797025,viktor,0,0,0.3379,-0.8406,-0.0194,-0.2625,0.6971,-0.2396
30-06-17,13:55:41:696799993,viktor,0,0,0.4443,-1.2193,-0.1432,0.9026,-0.89,1.9923
30-06-17,13:55:41:895968973,viktor,0,0,0.4114,-0.7014,-0.1943,0.6869,-0.2764,0.9308
30-06-17,13:55:42:96813023,viktor,0,0,0.6002,-1.3713,-0.3469,-0.7658,0.6377,0.1923
30-06-17,13:55:42:296727001,viktor,0,0,0.3285,-0.6986,-0.092,-0.6048,-0.2034,-1.8676
30-06-17,13:55:42:496712982,viktor,0,0,0.2633,-0.8675,0.0214,-0.6056,0.7099,-0.9924
30-06-17,13:55:42:696767985,viktor,0,0,0.4943,-1.2612,-0.2428,0.8357,-0.3307,1.5392
30-06-17,13:55:42:895982027,viktor,0,0,0.4082,-0.6608,-0.1419,0.7084,0.4108,1.0917
30-06-17,13:55:43:96844971,viktor,0,0,0.4952,-1.4097,-0.3141,-0.0341,-0.1521,0.4546
30-06-17,13:55:43:296766996,viktor,0,0,0.3671,-0.9008,-0.1198,-0.8964,-0.2021,-1.4986
30-06-17,13:55:43:496776998,viktor,0,0,0.2599,-0.7467,0.0086,-0.6476,-0.1028,-1.8248
30-06-17,13:55:43:696758985,viktor,0,0,0.4877,-1.0701,-0.1434,0.4079,0.1656,1.7281
30-06-17,13:55:43:896264970,viktor,0,0,0.2803,-0.7866,-0.1077,0.6518,0.6547,0.8547
30-06-17,13:55:44:96841990,viktor,0,0,0.4858,-0.9689,-0.2546,0.4776,-0.5475,1.0232
30-06-17,13:55:44:296712994,viktor,0,0,0.4769,-1.1729,-0.2208,-0.6654,0.0545,-0.9775
30-06-17,13:55:44:496991991,viktor,0,0,0.2959,-0.7314,-0.0358,-0.6424,-0.4487,-1.889
30-06-17,13:55:44:696825027,viktor,0,0,0.3711,-1.0397,-0.0167,-0.246,0.9329,-0.1733
30-06-17,13:55:44:895949006,viktor,0,0,0.4241,-1.1306,-0.1564,0.9802,-1.3891,1.5527
30-06-17,13:55:45:96737980,viktor,0,0,0.4364,-0.6749,-0.2159,0.6158,0.3971,0.9735
30-06-17,13:55:45:296706974,viktor,0,0,0.4392,-1.1639,-0.3008,-0.7107,0.2961,0.0149
30-06-17,13:55:45:496733009,viktor,0,0,0.3232,-0.7925,-0.0804,-0.9669,-0.4395,-1.5785
30-06-17,13:55:45:696841001,viktor,0,0,0.2927,-0.8271,0.0291,-0.5193,0.5369,-1.3963
30-06-17,13:55:45:895982980,viktor,0,0,0.4243,-1.0259,-0.2221,0.8334,-0.0653,1.7977
30-06-17,13:55:46:96834003,viktor,0,0,0.3722,-0.6749,-0.1641,0.7345,0.238,1.2111
30-06-17,13:55:46:297038972,viktor,0,0,0.5202,-1.2726,-0.3422,-0.3252,-0.2746,0.501
30-06-17,13:55:46:496766984,viktor,0,0,0.5255,-1.0243,-0.1791,-0.7732,0.2769,-1.2629
30-06-17,13:55:46:696740984,viktor,0,0,0.2717,-0.7515,0.0187,-0.544,-0.1414,-1.817
